# HALYARD bundled low-inertia frequency trace (SYNTHESIZED, clearly labelled).
# Representative of a low-inertia 50 Hz system: ambient wander + a loss-of-infeed event
# at t=200 s. Replace with measured GB ESO / ENTSO-E / Nordic open data if available.
# columns: time[s], frequency[Hz]
time,frequency
0.0,50.0
0.1,50.000007380920145
0.2,50.001799817240595
0.30000000000000004,50.000145991022215
0.4,49.994801710034565
0.5,49.992099676773364
0.6000000000000001,49.98618929905952
0.7000000000000001,49.986619214179804
0.8,49.99472740958223
0.9,49.99180053342301
1.0,49.98811868135698
1.1,49.991117140251305
1.2000000000000002,49.99330287659901
1.3,49.99396884771
1.4000000000000001,49.9884161952032
1.5,49.98829860329241
1.6,49.99252892944269
1.7000000000000002,49.984500997511766
1.8,49.98183279795797
1.9000000000000001,49.97051629752937
2.0,49.962926489603014
2.1,49.95206144692825
2.2,49.950890592907164
2.3000000000000003,49.943531461053965
2.4000000000000004,49.945441389901625
2.5,49.94665468947186
2.6,49.94579983035672
2.7,49.930970272940016
2.8000000000000003,49.92808326420023
2.9000000000000004,49.92815184220683
3.0,49.929190936911816
3.1,49.92036416763422
3.2,49.917895827139844
3.3000000000000003,49.91243523353581
3.4000000000000004,49.90802003393158
3.5,49.914845325502235
3.6,49.91042589082273
3.7,49.91067863113894
3.8000000000000003,49.91643157718755
3.9000000000000004,49.913347816705155
4.0,49.91311086592412
4.1000000000000005,49.914208096454
4.2,49.915019746617254
4.3,49.90809431292566
4.4,49.9090106827433
4.5,49.91761856986003
4.6000000000000005,49.90874760894196
4.7,49.91436016702538
4.800000000000001,49.91550449034443
4.9,49.91207814552807
5.0,49.92452025407848
5.1000000000000005,49.929471211080596
5.2,49.92262812161256
5.300000000000001,49.92346207837713
5.4,49.92730490548726
5.5,49.92653568820772
5.6000000000000005,49.931000471369856
5.7,49.93094636509211
5.800000000000001,49.93529511863166
5.9,49.944249778588436
6.0,49.94047455618946
6.1000000000000005,49.94199101507085
6.2,49.939501214536264
6.300000000000001,49.94056731893094
6.4,49.93374131516918
6.5,49.93059679901432
6.6000000000000005,49.929766639182425
6.7,49.93551038921911
6.800000000000001,49.94270416931774
6.9,49.93504948171625
7.0,49.93060638011174
7.1000000000000005,49.934834768746626
7.2,49.92320607619784
7.300000000000001,49.92081102662714
7.4,49.920623249939986
7.5,49.928562223554
7.6000000000000005,49.93305583583966
7.7,49.93142727613913
7.800000000000001,49.92955868439383
7.9,49.92840971856876
8.0,49.93790884637865
8.1,49.93565115249132
8.200000000000001,49.93415081439868
8.3,49.93659559473039
8.4,49.936187994086225
8.5,49.935323348748
8.6,49.92896232914535
8.700000000000001,49.92924838869139
8.8,49.92694065941009
8.9,49.934302722770184
9.0,49.93854974017253
9.1,49.938712129793615
9.200000000000001,49.94302885528425
9.3,49.94127449369755
9.4,49.947880879379625
9.5,49.948109077618696
9.600000000000001,49.951868826355685
9.700000000000001,49.94436412275196
9.8,49.946722382431474
9.9,49.93685954581512
10.0,49.924963274416406
10.100000000000001,49.923511596778056
10.200000000000001,49.91849447314857
10.3,49.9198863175571
10.4,49.933755425728236
10.5,49.92909630951112
10.600000000000001,49.9257071664449
10.700000000000001,49.92731105428906
10.8,49.930632578766094
10.9,49.929920979476826
11.0,49.92903579259792
11.100000000000001,49.93360539136566
11.200000000000001,49.937056810231034
11.3,49.93116947118744
11.4,49.931038535919804
11.5,49.93159506433217
11.600000000000001,49.925610181278216
11.700000000000001,49.92754116497587
11.8,49.92275572028794
11.9,49.928974341933994
12.0,49.93048594569996
12.100000000000001,49.93136935488607
12.200000000000001,49.928166337994504
12.3,49.927813847361264
12.4,49.91618830036702
12.5,49.90981891404204
12.600000000000001,49.91244685826697
12.700000000000001,49.900113221724695
12.8,49.90569230674496
12.9,49.89568726635899
13.0,49.90074926104318
13.100000000000001,49.89617253254069
13.200000000000001,49.90136561638404
13.3,49.902644495547634
13.4,49.89391026342815
13.5,49.901935604608354
13.600000000000001,49.91107616951845
13.700000000000001,49.91112595923486
13.8,49.90992683180565
13.9,49.909417995850795
14.0,49.90401999193487
14.100000000000001,49.911091412533736
14.200000000000001,49.90827860388069
14.3,49.90843006838513
14.4,49.904128139623985
14.5,49.90085106032755
14.600000000000001,49.893680454116
14.700000000000001,49.901754467727706
14.8,49.90132116994983
14.9,49.90761009381246
15.0,49.90815199092488
15.100000000000001,49.90444480980403
15.200000000000001,49.902962474195
15.3,49.900086275521005
15.4,49.90063359873851
15.5,49.89887882970676
15.600000000000001,49.897584905262576
15.700000000000001,49.88982553263144
15.8,49.88553532940256
15.9,49.89603199804835
16.0,49.892524438760596
16.1,49.886737253841055
16.2,49.889327525567296
16.3,49.8983245211368
16.400000000000002,49.89010875271623
16.5,49.88940707786314
16.6,49.886167727150216
16.7,49.8761707716685
16.8,49.88119947806571
16.900000000000002,49.88165281716405
17.0,49.882673204143984
17.1,49.878745969288595
17.2,49.88208094442013
17.3,49.87943475560111
17.400000000000002,49.87918016257212
17.5,49.87313469700617
17.6,49.86647240695989
17.7,49.875153236056896
17.8,49.872734841649375
17.900000000000002,49.875121249579266
18.0,49.87554290072276
18.1,49.87351831500258
18.2,49.871102957605544
18.3,49.87552793836619
18.400000000000002,49.874339093047155
18.5,49.87405873569289
18.6,49.87482177135759
18.7,49.88250671242231
18.8,49.887177244708006
18.900000000000002,49.89003696009083
19.0,49.88720534693026
19.1,49.87947750787557
19.200000000000003,49.8857772999266
19.3,49.89214709623229
19.400000000000002,49.89184211035639
19.5,49.89563420285423
19.6,49.900844690163275
19.700000000000003,49.90632757342845
19.8,49.912324236400785
19.900000000000002,49.91002890931481
20.0,49.91956860266423
20.1,49.912491201301194
20.200000000000003,49.918099083756644
20.3,49.921472180812046
20.400000000000002,49.927106534589136
20.5,49.93874505175877
20.6,49.94795799934025
20.700000000000003,49.94134714790041
20.8,49.931508382679304
20.900000000000002,49.936752175120226
21.0,49.93097833974937
21.1,49.93124901571874
21.200000000000003,49.936631135502175
21.3,49.92708519571755
21.400000000000002,49.91478988701311
21.5,49.91677173170007
21.6,49.917454188379246
21.700000000000003,49.91639209900906
21.8,49.917041347096635
21.900000000000002,49.91229304671695
22.0,49.90365061503973
22.1,49.903132432859245
22.200000000000003,49.897786518548656
22.3,49.888436698021444
22.400000000000002,49.8920286009597
22.5,49.892200066184365
22.6,49.89517823707324
22.700000000000003,49.88976657623932
22.8,49.8863693906071
22.900000000000002,49.880943285490744
23.0,49.876218717860944
23.1,49.878010071778135
23.200000000000003,49.87392217372123
23.3,49.876688960585554
23.400000000000002,49.87934405133513
23.5,49.89209829699974
23.6,49.884281071239535
23.700000000000003,49.89018708015035
23.8,49.89019921697827
23.900000000000002,49.89066404251259
24.0,49.882511539368586
24.1,49.8803378187954
24.200000000000003,49.88539531328208
24.3,49.88547346648357
24.400000000000002,49.88653242537362
24.5,49.88535546316315
24.6,49.89285610432925
24.700000000000003,49.89326298840534
24.8,49.88059417942842
24.900000000000002,49.877038773228435
25.0,49.86584079971981
25.1,49.847002965228235
25.200000000000003,49.844587258303456
25.3,49.85336568111256
25.400000000000002,49.85438157214378
25.5,49.848074390038626
25.6,49.843189818879225
25.700000000000003,49.850757549166325
25.8,49.852449521160885
25.900000000000002,49.853475269004456
26.0,49.853887121926405
26.1,49.854848087886104
26.200000000000003,49.86040628132834
26.3,49.86441965370583
26.400000000000002,49.86639178363745
26.5,49.86080261457372
26.6,49.86456525409031
26.700000000000003,49.8611369453519
26.8,49.868394334680545
26.900000000000002,49.8614260580768
27.0,49.86129320192876
27.1,49.86194258620137
27.200000000000003,49.8546849999665
27.3,49.86574340482981
27.400000000000002,49.87517712840921
27.5,49.87301974019751
27.6,49.878284968489915
27.700000000000003,49.881165600065486
27.8,49.86607841528509
27.900000000000002,49.86825041130633
28.0,49.86854109477079
28.1,49.869697693417784
28.200000000000003,49.863887955431736
28.3,49.86295243337725
28.400000000000002,49.86256811863007
28.5,49.8703838433402
28.6,49.87303848648584
28.700000000000003,49.8736399638722
28.8,49.8834455840403
28.900000000000002,49.88069686854152
29.0,49.87895680236956
29.1,49.868661488289675
29.200000000000003,49.87873281592593
29.3,49.885125146055465
29.400000000000002,49.89120060859226
29.5,49.89575799622798
29.6,49.89694009777282
29.700000000000003,49.898748330919055
29.8,49.89774254972285
29.900000000000002,49.8970322344199
30.0,49.89787289491808
30.1,49.907454507512874
30.200000000000003,49.91125136238616
30.3,49.911344344819675
30.400000000000002,49.908311270792915
30.5,49.90495972351448
30.6,49.91505115496395
30.700000000000003,49.91851602301449
30.8,49.91932874624928
30.900000000000002,49.917655011465115
31.0,49.91141241593759
31.1,49.91145418451308
31.200000000000003,49.91713886179733
31.3,49.915197944007325
31.400000000000002,49.91425849878929
31.5,49.913361000186704
31.6,49.91445176139376
31.700000000000003,49.90532143731432
31.8,49.90438244001596
31.900000000000002,49.89973415470695
32.0,49.905542994128794
32.1,49.90139168709876
32.2,49.90534700914707
32.300000000000004,49.914966898817696
32.4,49.91351048675592
32.5,49.9103334768094
32.6,49.911930402980104
32.7,49.91235857679955
32.800000000000004,49.90683508583152
32.9,49.910066426896634
33.0,49.922609191083005
33.1,49.921447473156
33.2,49.92062297861383
33.300000000000004,49.914750271579344
33.4,49.91709105093157
33.5,49.91002373832866
33.6,49.903832033490914
33.7,49.91199087695452
33.800000000000004,49.90699820421338
33.9,49.9139513586083
34.0,49.92352774983796
34.1,49.925466069833625
34.2,49.92915908790157
34.300000000000004,49.94122679812418
34.4,49.940340293721164
34.5,49.93708055747091
34.6,49.92927576829485
34.7,49.92987963193546
34.800000000000004,49.93910509904129
34.9,49.94516714583449
35.0,49.93978876265681
35.1,49.93495756654053
35.2,49.93225775133178
35.300000000000004,49.93435007107009
35.4,49.93344645215212
35.5,49.93506594356402
35.6,49.93717105011447
35.7,49.93569255334383
35.800000000000004,49.935773046927494
35.9,49.93733373595615
36.0,49.93714324905517
36.1,49.94047865799986
36.2,49.95200151934983
36.300000000000004,49.95579334546171
36.4,49.95634924201285
36.5,49.94645078406261
36.6,49.949046272658386
36.7,49.9376209708245
36.800000000000004,49.92947866145344
36.9,49.93495910366098
37.0,49.93952171850349
37.1,49.938924475920885
37.2,49.92896978690437
37.300000000000004,49.9270968468685
37.4,49.92338893272486
37.5,49.92759303253802
37.6,49.941501450569895
37.7,49.943095526244775
37.800000000000004,49.93870418184535
37.9,49.93198735175431
38.0,49.93199084931093
38.1,49.93127013590329
38.2,49.924704670266614
38.300000000000004,49.92577927832943
38.400000000000006,49.91924490080992
38.5,49.92632131993624
38.6,49.93306561697129
38.7,49.939908796478214
38.800000000000004,49.93736494967217
38.900000000000006,49.94076524830372
39.0,49.940269005030885
39.1,49.93823478763731
39.2,49.93650873975628
39.300000000000004,49.92902790441929
39.400000000000006,49.92071958272182
39.5,49.92588187355347
39.6,49.92510505176219
39.7,49.92677807561014
39.800000000000004,49.93315444756281
39.900000000000006,49.9230898803549
40.0,49.918769650510235
40.1,49.920227811318476
40.2,49.922979240981874
40.300000000000004,49.92110189807456
40.400000000000006,49.927671463980374
40.5,49.92929547629345
40.6,49.92236870607901
40.7,49.917172279892675
40.800000000000004,49.92241924485618
40.900000000000006,49.925590137370634
41.0,49.91456781924974
41.1,49.92308125397667
41.2,49.92705400989335
41.300000000000004,49.93547879777006
41.400000000000006,49.93349919849476
41.5,49.93205746517429
41.6,49.92563843533991
41.7,49.941231820584
41.800000000000004,49.94047293612864
41.900000000000006,49.95029577060049
42.0,49.946660537039165
42.1,49.947910281507966
42.2,49.93814261518101
42.300000000000004,49.9361546992125
42.400000000000006,49.94237645516684
42.5,49.935154109997555
42.6,49.94191170471718
42.7,49.94422557308868
42.800000000000004,49.93824073967333
42.900000000000006,49.93553995234641
43.0,49.93310785852445
43.1,49.93314520320417
43.2,49.93026261339249
43.300000000000004,49.9256475729207
43.400000000000006,49.92419180884101
43.5,49.91840951136515
43.6,49.91108030437247
43.7,49.91123584395556
43.800000000000004,49.91697691008911
43.900000000000006,49.90821579530796
44.0,49.9086957652402
44.1,49.90525254924519
44.2,49.89986341387616
44.300000000000004,49.90548472272307
44.400000000000006,49.90284828097491
44.5,49.912323849668425
44.6,49.9080831942352
44.7,49.91086179022578
44.800000000000004,49.909943783235306
44.900000000000006,49.90586993346437
45.0,49.90986663405252
45.1,49.90938740544381
45.2,49.91345973190087
45.300000000000004,49.91360868419807
45.400000000000006,49.907525743245266
45.5,49.9073756990699
45.6,49.90815055159165
45.7,49.91436057655698
45.800000000000004,49.909351159630184
45.900000000000006,49.90956842471243
46.0,49.899689310207485
46.1,49.90409982201851
46.2,49.89809042506057
46.300000000000004,49.88776181580877
46.400000000000006,49.88796770572408
46.5,49.895161976947435
46.6,49.886539485373426
46.7,49.880578574434224
46.800000000000004,49.87671603221574
46.900000000000006,49.870555472176605
47.0,49.87347926214573
47.1,49.869267661164734
47.2,49.86559223444015
47.300000000000004,49.869764105660046
47.400000000000006,49.86588219734593
47.5,49.869149466945885
47.6,49.86397540857986
47.7,49.85738270045167
47.800000000000004,49.847083091214266
47.900000000000006,49.85901489247967
48.0,49.857798263824485
48.1,49.85997287271305
48.2,49.8604867112956
48.300000000000004,49.862144048281166
48.400000000000006,49.86313144691601
48.5,49.875265091916646
48.6,49.86965520691132
48.7,49.86096215824017
48.800000000000004,49.855585589438064
48.900000000000006,49.84829940743232
49.0,49.85353968271006
49.1,49.85919425355373
49.2,49.85413038901506
49.300000000000004,49.84651712241121
49.400000000000006,49.8451557568803
49.5,49.85427672136316
49.6,49.83808792124955
49.7,49.842057242257404
49.800000000000004,49.83639242468142
49.900000000000006,49.84345266543726
50.0,49.837767858464815
50.1,49.8368665242092
50.2,49.82864451698431
50.300000000000004,49.8236377472964
50.400000000000006,49.8328345935382
50.5,49.83859389268585
50.6,49.83699091430952
50.7,49.83258492551674
50.800000000000004,49.82205915807009
50.900000000000006,49.82058692200833
51.0,49.82129856788277
51.1,49.82168774889635
51.2,49.82201655858401
51.300000000000004,49.81617561802773
51.400000000000006,49.8166970966254
51.5,49.81738157086506
51.6,49.82603803523755
51.7,49.83810824578748
51.800000000000004,49.83809577039704
51.900000000000006,49.834307455837994
52.0,49.834746025780234
52.1,49.83192656799981
52.2,49.828312332265334
52.300000000000004,49.82881886969247
52.400000000000006,49.8234149487571
52.5,49.82793451452024
52.6,49.82817134865253
52.7,49.83053054175043
52.800000000000004,49.83028024882586
52.900000000000006,49.82676532089821
53.0,49.821943736935225
53.1,49.821410362224604
53.2,49.81901074838891
53.300000000000004,49.82131910264623
53.400000000000006,49.82218591691381
53.5,49.814901146841706
53.6,49.81622936890407
53.7,49.8090910595567
53.800000000000004,49.8063467385058
53.900000000000006,49.80554888315797
54.0,49.79406949907471
54.1,49.79564819626649
54.2,49.79757585538345
54.300000000000004,49.79763983094598
54.400000000000006,49.79610572815642
54.5,49.79488357755499
54.6,49.79004992285555
54.7,49.7894814710229
54.800000000000004,49.7872183928467
54.900000000000006,49.78883241323859
55.0,49.782663434635126
55.1,49.78516365691602
55.2,49.7870971519923
55.300000000000004,49.78731228923927
55.400000000000006,49.78574049885455
55.5,49.7901258357151
55.6,49.781187596295766
55.7,49.78504437834316
55.800000000000004,49.78757738124858
55.900000000000006,49.790339752097545
56.0,49.79368792889166
56.1,49.79079762280764
56.2,49.79028687434379
56.300000000000004,49.79515778995937
56.400000000000006,49.798765836474075
56.5,49.80101228388436
56.6,49.79292130099422
56.7,49.797184017178544
56.800000000000004,49.805214923044616
56.900000000000006,49.81224687738765
57.0,49.81458891129333
57.1,49.80616989511523
57.2,49.81279431452502
57.300000000000004,49.81284681513208
57.400000000000006,49.79858746316802
57.5,49.80185777027082
57.6,49.79389545072099
57.7,49.78714732998621
57.800000000000004,49.78440183998204
57.900000000000006,49.793115377849425
58.0,49.79192472883511
58.1,49.79459105471736
58.2,49.80610590722628
58.300000000000004,49.81663955626608
58.400000000000006,49.81693623798979
58.5,49.81640243066748
58.6,49.8097551947096
58.7,49.80653967029097
58.800000000000004,49.81005912202519
58.900000000000006,49.81338321098592
59.0,49.814977724318034
59.1,49.82187164564183
59.2,49.818128079335416
59.300000000000004,49.81870097981764
59.400000000000006,49.82399493284952
59.5,49.82837983362264
59.6,49.83566360910892
59.7,49.83886741350397
59.800000000000004,49.83781666110287
59.900000000000006,49.840800731358925
60.0,49.83558115652383
60.1,49.82656649475195
60.2,49.830917692963574
60.300000000000004,49.83143226250183
60.400000000000006,49.834125558947825
60.5,49.824768824970036
60.6,49.82345429669683
60.7,49.820737882530956
60.800000000000004,49.816448920429885
60.900000000000006,49.80383658578896
61.0,49.80280816196719
61.1,49.80917794688636
61.2,49.812418043483106
61.300000000000004,49.8097502736077
61.400000000000006,49.810612266409755
61.5,49.816100005559136
61.6,49.800456998355415
61.7,49.80070749408279
61.800000000000004,49.80496315749547
61.900000000000006,49.810031113459395
62.0,49.82118533913416
62.1,49.82888968651307
62.2,49.83162061508898
62.300000000000004,49.83427436805023
62.400000000000006,49.83982466829794
62.5,49.837389582988
62.6,49.837961506743405
62.7,49.844209133228155
62.800000000000004,49.856732758851386
62.900000000000006,49.85649349122274
63.0,49.85692061963065
63.1,49.85882689769522
63.2,49.867591985370794
63.300000000000004,49.868072145622406
63.400000000000006,49.87754793911312
63.5,49.87236025611298
63.6,49.871882237057996
63.7,49.87133383493259
63.800000000000004,49.8766962001025
63.900000000000006,49.88358428136386
64.0,49.875109693808334
64.10000000000001,49.87024343958442
64.2,49.87291333725916
64.3,49.86959660869755
64.4,49.86111405900017
64.5,49.86803936853732
64.60000000000001,49.87166299219955
64.7,49.875263742219715
64.8,49.87303474920994
64.9,49.87984320617689
65.0,49.87900423016745
65.10000000000001,49.88618782068355
65.2,49.881286890674474
65.3,49.876755643535
65.4,49.87859984458091
65.5,49.874992852483224
65.60000000000001,49.879670594613025
65.7,49.88183276810473
65.8,49.87688577695703
65.9,49.87793854167791
66.0,49.8764411828404
66.10000000000001,49.88255397390126
66.2,49.87934588613268
66.3,49.877314118129185
66.4,49.8851949689708
66.5,49.8992005544614
66.60000000000001,49.91169860367446
66.7,49.91251944872605
66.8,49.91426997972483
66.9,49.9238993817999
67.0,49.92353327605343
67.10000000000001,49.91805751485034
67.2,49.91916848086071
67.3,49.9222817391396
67.4,49.91769543273699
67.5,49.90822956872431
67.60000000000001,49.90006804379337
67.7,49.90456027927943
67.8,49.900487218785166
67.9,49.90013670013701
68.0,49.901911368742354
68.10000000000001,49.90611665717321
68.2,49.90457665709506
68.3,49.908046068012474
68.4,49.903165475919685
68.5,49.90147936438602
68.60000000000001,49.89582547403736
68.7,49.903136949965344
68.8,49.90345876584711
68.9,49.8995056270921
69.0,49.89789386816825
69.10000000000001,49.89707402794306
69.2,49.9017917765513
69.3,49.89270900059943
69.4,49.88702222054668
69.5,49.8853184659346
69.60000000000001,49.90108570860154
69.7,49.907314353413724
69.8,49.90710907157187
69.9,49.91184552370847
70.0,49.92463091310771
70.10000000000001,49.92360529498152
70.2,49.92178878844203
70.3,49.929451505759154
70.4,49.93276930121915
70.5,49.93713345364499
70.60000000000001,49.93439845198108
70.7,49.94627167851524
70.8,49.95679786493222
70.9,49.9604095623408
71.0,49.964713253557974
71.10000000000001,49.95272612205673
71.2,49.95678875020743
71.3,49.955840154933036
71.4,49.958664388393345
71.5,49.96296582292245
71.60000000000001,49.96110324319919
71.7,49.95115483618207
71.8,49.95360630939161
71.9,49.94938997593
72.0,49.94766186149401
72.10000000000001,49.944296493121975
72.2,49.94252556512483
72.3,49.92895581155562
72.4,49.93661271526123
72.5,49.93844972829888
72.60000000000001,49.945425875234896
72.7,49.95757779683758
72.8,49.95792546658877
72.9,49.947321221720784
73.0,49.9422212945099
73.10000000000001,49.935268761151974
73.2,49.93258116948734
73.3,49.933396151508305
73.4,49.92171604714862
73.5,49.92416231987293
73.60000000000001,49.91547936835385
73.7,49.91768616308888
73.8,49.91744078540237
73.9,49.9159717940402
74.0,49.915953676734354
74.10000000000001,49.913135240256295
74.2,49.90989473539459
74.3,49.9002487233724
74.4,49.900569715866446
74.5,49.91214006955085
74.60000000000001,49.9244623395804
74.7,49.93277093346177
74.8,49.93734188839957
74.9,49.9335962982131
75.0,49.94258482145133
75.10000000000001,49.942535132017426
75.2,49.94240920329876
75.3,49.94094979449123
75.4,49.941796816912884
75.5,49.93947654341879
75.60000000000001,49.93927646768546
75.7,49.93307249069466
75.8,49.93116514601275
75.9,49.94519265910238
76.0,49.9450491316391
76.10000000000001,49.94389192259227
76.2,49.947366708653945
76.3,49.95187860604089
76.4,49.94543659985566
76.5,49.94446646415956
76.60000000000001,49.950253786884375
76.7,49.95212154372438
76.80000000000001,49.95309266026677
76.9,49.962651302977086
77.0,49.958771409904365
77.10000000000001,49.95947402822549
77.2,49.956556306092835
77.30000000000001,49.965715373936824
77.4,49.95417563467148
77.5,49.95038390632522
77.60000000000001,49.94745704499743
77.7,49.95170099751147
77.80000000000001,49.95558014538057
77.9,49.9641734102151
78.0,49.95490834611
78.10000000000001,49.95963665443363
78.2,49.95807879197574
78.30000000000001,49.95429464659231
78.4,49.95776058455958
78.5,49.95245094414037
78.60000000000001,49.94022720964778
78.7,49.93830476266601
78.80000000000001,49.929626613742826
78.9,49.926084985747686
79.0,49.928683889401455
79.10000000000001,49.93091246842813
79.2,49.940779302779866
79.30000000000001,49.93987747778431
79.4,49.930978100852094
79.5,49.926786629208024
79.60000000000001,49.92163639071422
79.7,49.9147212578099
79.80000000000001,49.91775985469094
79.9,49.9142996613897
80.0,49.902863926182626
80.10000000000001,49.907531143370434
80.2,49.90732492824134
80.30000000000001,49.90992932727025
80.4,49.9110140099021
80.5,49.91524886825748
80.60000000000001,49.91590073639828
80.7,49.92373844761716
80.80000000000001,49.92666965211894
80.9,49.92938870959867
81.0,49.932200967556774
81.10000000000001,49.92380013626358
81.2,49.92319332107144
81.30000000000001,49.922021455528785
81.4,49.9236566285781
81.5,49.915886180449434
81.60000000000001,49.926111438208544
81.7,49.927107213002444
81.80000000000001,49.92020377169352
81.9,49.91034943105358
82.0,49.90910996013599
82.10000000000001,49.909026357857755
82.2,49.90517147355262
82.30000000000001,49.9061982991524
82.4,49.9028202530532
82.5,49.90661610129817
82.60000000000001,49.902735769881346
82.7,49.90299108968131
82.80000000000001,49.90934916927308
82.9,49.92523243672417
83.0,49.91956041538477
83.10000000000001,49.91717556668732
83.2,49.91255067466709
83.30000000000001,49.91769389122437
83.4,49.91121682593394
83.5,49.90875459953071
83.60000000000001,49.909033218833635
83.7,49.90361598150258
83.80000000000001,49.89835395134122
83.9,49.896008444255784
84.0,49.883925760592476
84.10000000000001,49.87583326248708
84.2,49.87397589164788
84.30000000000001,49.87549539600769
84.4,49.875003359111936
84.5,49.86498453014734
84.60000000000001,49.86287688974604
84.7,49.868353131140346
84.80000000000001,49.87234655855659
84.9,49.872512338594646
85.0,49.86782555765108
85.10000000000001,49.87227372808854
85.2,49.86943878556084
85.30000000000001,49.86307610121819
85.4,49.858947603301125
85.5,49.868342937035266
85.60000000000001,49.8703223025793
85.7,49.87792617338469
85.80000000000001,49.87566052463791
85.9,49.88191111804983
86.0,49.878892538197874
86.10000000000001,49.87855351129269
86.2,49.89407884529596
86.30000000000001,49.899211342863275
86.4,49.896708263897
86.5,49.89671580834335
86.60000000000001,49.899189569826945
86.7,49.90695636751491
86.80000000000001,49.90448678712731
86.9,49.89451643868405
87.0,49.89336600561187
87.10000000000001,49.89399148832679
87.2,49.89517875869757
87.30000000000001,49.90360300572118
87.4,49.90598511316241
87.5,49.91133268942641
87.60000000000001,49.90516934381573
87.7,49.9108509060272
87.80000000000001,49.923873970487
87.9,49.928892056376064
88.0,49.930768930413834
88.10000000000001,49.93203901489221
88.2,49.9431016732519
88.30000000000001,49.9378230759853
88.4,49.937467346457645
88.5,49.94054125528299
88.60000000000001,49.945302555653456
88.7,49.942952075440935
88.80000000000001,49.94508124343209
88.9,49.94368830832683
89.0,49.944692693582
89.10000000000001,49.94417668087185
89.2,49.93760623540035
89.30000000000001,49.93779152271321
89.4,49.94336547423202
89.5,49.937846537111604
89.60000000000001,49.9367107539334
89.7,49.941015880550474
89.80000000000001,49.93489161050724
89.9,49.936312982479755
90.0,49.93027063865363
90.10000000000001,49.93742706846537
90.2,49.95161686141432
90.30000000000001,49.96399230881272
90.4,49.96285726320202
90.5,49.967484171658455
90.60000000000001,49.968372737171165
90.7,49.96914350886173
90.80000000000001,49.978584333683045
90.9,49.97077633455752
91.0,49.97725422046953
91.10000000000001,49.97707409339625
91.2,49.98563996665289
91.30000000000001,49.98683516703302
91.4,49.9828649592307
91.5,49.98461347669506
91.60000000000001,49.98910621188176
91.7,49.98937526286702
91.80000000000001,49.99235661621202
91.9,49.98926478207675
92.0,49.976515154761294
92.10000000000001,49.98203272049013
92.2,49.98631751530478
92.30000000000001,49.98727499803595
92.4,49.98774908641903
92.5,49.994028115603065
92.60000000000001,49.99131533467219
92.7,49.987119553606675
92.80000000000001,49.986052656621666
92.9,49.993256976469866
93.0,49.98496801416193
93.10000000000001,49.99219415404681
93.2,49.988397666151336
93.30000000000001,49.981851216822236
93.4,49.98950233175498
93.5,49.98897347952743
93.60000000000001,49.98122720594348
93.7,49.97916867155943
93.80000000000001,49.98485914278695
93.9,49.992087292228746
94.0,49.98956426367608
94.10000000000001,49.99205436691228
94.2,49.996378602872085
94.30000000000001,49.99252895089543
94.4,49.99469652259195
94.5,49.994531772490454
94.60000000000001,49.99134296716517
94.7,49.98843336471707
94.80000000000001,49.98889340478468
94.9,49.98912805868251
95.0,49.985789478669155
95.10000000000001,49.9833048606254
95.2,49.99006835975232
95.30000000000001,49.991400980764624
95.4,49.99675454206033
95.5,50.00398170274165
95.60000000000001,50.00749484778578
95.7,50.02108269142715
95.80000000000001,50.01602545377943
95.9,50.02079578406902
96.0,50.01878294131049
96.10000000000001,50.02982372618417
96.2,50.0398772482816
96.30000000000001,50.027952594948154
96.4,50.02199963451834
96.5,50.02587551381051
96.60000000000001,50.03048533950077
96.7,50.03475229810022
96.80000000000001,50.03415334464068
96.9,50.036713302864854
97.0,50.04044786496525
97.10000000000001,50.0397783980232
97.2,50.045743317843254
97.30000000000001,50.03195761775938
97.4,50.03560059078801
97.5,50.02921827216035
97.60000000000001,50.034824247647364
97.7,50.03327801985978
97.80000000000001,50.02777890613398
97.9,50.029883424543776
98.0,50.02426600643398
98.10000000000001,50.01866806901648
98.2,50.00917096253568
98.30000000000001,50.00896486119421
98.4,50.01190097801838
98.5,50.01797962904508
98.60000000000001,50.01703936372912
98.7,50.02324129816116
98.80000000000001,50.023232857521165
98.9,50.02255696234768
99.0,50.02588555522309
99.10000000000001,50.03210648410373
99.2,50.02989734495646
99.30000000000001,50.02828528849994
99.4,50.02717887362924
99.5,50.02753959402305
99.60000000000001,50.0219994467953
99.7,50.02805748592172
99.80000000000001,50.025514740701446
99.9,50.0281618277386
100.0,50.023068183166565
100.10000000000001,50.02510566596759
100.2,50.02732969573225
100.30000000000001,50.0246689588128
100.4,50.036670950616724
100.5,50.03871383563109
100.60000000000001,50.0491818399908
100.7,50.05469076433424
100.80000000000001,50.05044366167023
100.9,50.04789832246793
101.0,50.050275443259736
101.10000000000001,50.05039110123447
101.2,50.05043591257885
101.30000000000001,50.04846650328971
101.4,50.03737331263881
101.5,50.03583385021509
101.60000000000001,50.02234595218048
101.7,50.02446513983229
101.80000000000001,50.019986467408565
101.9,50.01559403471449
102.0,50.014200241767135
102.10000000000001,50.015765274636074
102.2,50.007094411196476
102.30000000000001,49.996567332003174
102.4,49.99018810011416
102.5,49.9779867944684
102.60000000000001,49.972295762836715
102.7,49.981979582205675
102.80000000000001,49.975730168795664
102.9,49.979759949001085
103.0,49.97163134040649
103.10000000000001,49.97356790461989
103.2,49.97178166222351
103.30000000000001,49.971563877199195
103.4,49.9751187233794
103.5,49.9857805705144
103.60000000000001,49.98701990576083
103.7,49.9878309599404
103.80000000000001,49.98205159883581
103.9,49.98564137877362
104.0,49.98423673789648
104.10000000000001,49.98930759646445
104.2,49.989098819779215
104.30000000000001,49.99959845990318
104.4,49.98770296858484
104.5,49.98598485758099
104.60000000000001,49.99134382312589
104.7,49.98928295082775
104.80000000000001,49.98458349765958
104.9,49.98306529653684
105.0,49.974870397568516
105.10000000000001,49.97570976821081
105.2,49.99047399041079
105.30000000000001,49.997391809448104
105.4,49.99075079576177
105.5,49.98555699528899
105.60000000000001,49.98320084345841
105.7,49.989311336007525
105.80000000000001,49.98443585727247
105.9,49.98037228947242
106.0,49.985778924626146
106.10000000000001,49.991037945425866
106.2,49.9888398677364
106.30000000000001,49.982189087911486
106.4,49.97297967353235
106.5,49.96892083440323
106.60000000000001,49.95569305681758
106.7,49.96041351082496
106.80000000000001,49.956831259072004
106.9,49.95993486476211
107.0,49.97134513976391
107.10000000000001,49.97852638830789
107.2,49.97172694733867
107.30000000000001,49.97708380652083
107.4,49.984145529653325
107.5,49.97974666289649
107.60000000000001,49.97412814804357
107.7,49.97359935591932
107.80000000000001,49.96412281904263
107.9,49.97312661464323
108.0,49.95882879881182
108.10000000000001,49.952393810323315
108.2,49.951014450287644
108.30000000000001,49.94989685548822
108.4,49.95114411624964
108.5,49.95301708708043
108.60000000000001,49.95197032955728
108.7,49.95903179582211
108.80000000000001,49.94640037982518
108.9,49.94666739084255
109.0,49.94264654741805
109.10000000000001,49.94372839529182
109.2,49.945334312343036
109.30000000000001,49.94013666752235
109.4,49.93659029020553
109.5,49.94166285909401
109.60000000000001,49.94404888241045
109.7,49.94024714737878
109.80000000000001,49.952785257397935
109.9,49.96687639700192
110.0,49.958267240143144
110.10000000000001,49.96028667370423
110.2,49.975539206949506
110.30000000000001,49.98036490268987
110.4,49.981789439033896
110.5,49.98063215083857
110.60000000000001,49.977481824369114
110.7,49.976319327031554
110.80000000000001,49.973133353921945
110.9,49.977737137303684
111.0,49.97545952970101
111.10000000000001,49.97293532298045
111.2,49.965857682244575
111.30000000000001,49.96573085458707
111.4,49.9605374702735
111.5,49.95965028190976
111.60000000000001,49.966102923816536
111.7,49.96846795851532
111.80000000000001,49.97165397049146
111.9,49.97393224603755
112.0,49.97441763918851
112.10000000000001,49.973781581608534
112.2,49.972065836405086
112.30000000000001,49.97676020927606
112.4,49.970370969373946
112.5,49.97856345004443
112.60000000000001,49.97887510117032
112.7,49.974488523321
112.80000000000001,49.97168120423016
112.9,49.96776085580188
113.0,49.968883290517034
113.10000000000001,49.96473181579752
113.2,49.971760943911235
113.30000000000001,49.967212305235996
113.4,49.95374111212733
113.5,49.949586415610334
113.60000000000001,49.937787356492485
113.7,49.93785920660659
113.80000000000001,49.944524858443785
113.9,49.948688792953156
114.0,49.94091981195871
114.10000000000001,49.93664168120951
114.2,49.94763027401686
114.30000000000001,49.949803191099186
114.4,49.95007888729949
114.5,49.956664868230156
114.60000000000001,49.971597990641584
114.7,49.979519440353855
114.80000000000001,49.98045833468071
114.9,49.982684172063216
115.0,49.98647322994949
115.10000000000001,49.98286467282068
115.2,49.976598032620274
115.30000000000001,49.97702973695811
115.4,49.97146132089654
115.5,49.97123523977785
115.60000000000001,49.97195580181891
115.7,49.98614224674111
115.80000000000001,49.98110523553947
115.9,49.980468975769945
116.0,49.97958081355359
116.10000000000001,49.98230677268607
116.2,49.98867558481214
116.30000000000001,49.98578930587832
116.4,49.9809322471683
116.5,49.97118332223687
116.60000000000001,49.96577017864487
116.7,49.9691599727591
116.80000000000001,49.96958805514625
116.9,49.963647510901076
117.0,49.96159266848766
117.10000000000001,49.96197354283196
117.2,49.96518574870746
117.30000000000001,49.96179945384689
117.4,49.96048781623171
117.5,49.94977476875051
117.60000000000001,49.94311758009333
117.7,49.95310828614193
117.80000000000001,49.940213900675055
117.9,49.93848601585588
118.0,49.940108775152666
118.10000000000001,49.93816213580494
118.2,49.93362237998572
118.30000000000001,49.933587796891466
118.4,49.933890065498
118.5,49.93372791074091
118.60000000000001,49.9227929984603
118.7,49.922294611700266
118.80000000000001,49.91755246250001
118.9,49.91467828493863
119.0,49.91646674209399
119.10000000000001,49.9207287808864
119.2,49.92650580098742
119.30000000000001,49.92389479364061
119.4,49.92981933633273
119.5,49.937212604846806
119.60000000000001,49.94434636936985
119.7,49.95296324515587
119.80000000000001,49.95232433389458
119.9,49.951517920734666
120.0,49.956710635807354
120.10000000000001,49.948727936737555
120.2,49.95024087133748
120.30000000000001,49.94730631302777
120.4,49.94535704715746
120.5,49.935181175234284
120.60000000000001,49.93016200352329
120.7,49.93038822992893
120.80000000000001,49.93606700782385
120.9,49.94232683232118
121.0,49.9421332393096
121.10000000000001,49.941286842969674
121.2,49.93659633363273
121.30000000000001,49.939327490946425
121.4,49.938145385488646
121.5,49.94208996579609
121.60000000000001,49.95288963679187
121.7,49.95293093886434
121.80000000000001,49.944182157324974
121.9,49.93929614388018
122.0,49.930850778512756
122.10000000000001,49.924013866483705
122.2,49.9322254214922
122.30000000000001,49.93392425182549
122.4,49.9251335839769
122.5,49.9294297090532
122.60000000000001,49.93734480975241
122.7,49.93549883835903
122.80000000000001,49.931765399132416
122.9,49.930082305861845
123.0,49.93213953339406
123.10000000000001,49.93631865662863
123.2,49.94373036437373
123.30000000000001,49.951286581787336
123.4,49.95864257196776
123.5,49.9670208876986
123.60000000000001,49.97115410999891
123.7,49.96211289982293
123.80000000000001,49.96151654994673
123.9,49.96359249027274
124.0,49.961475770231324
124.10000000000001,49.96713595650958
124.2,49.96513899289392
124.30000000000001,49.959758815749666
124.4,49.96862581566755
124.5,49.972778712448054
124.60000000000001,49.97423034159102
124.7,49.97991944443182
124.80000000000001,49.986395052645676
124.9,49.98850929224828
125.0,49.97382077727367
125.10000000000001,49.9698981366833
125.2,49.96730917122241
125.30000000000001,49.961567419995625
125.4,49.96295164749917
125.5,49.970290102058776
125.60000000000001,49.96752921803724
125.7,49.96088257592903
125.80000000000001,49.97324637191485
125.9,49.97067151441869
126.0,49.96342036729831
126.10000000000001,49.96502932895953
126.2,49.96775827780427
126.30000000000001,49.96368918587717
126.4,49.968613461395314
126.5,49.96584647745861
126.60000000000001,49.960479539578984
126.7,49.96174868709223
126.80000000000001,49.966564557519526
126.9,49.962928625784755
127.0,49.96509773599192
127.10000000000001,49.964711297475525
127.2,49.981834342886565
127.30000000000001,49.977673813085154
127.4,49.986090473622966
127.5,49.98584594352422
127.60000000000001,49.985156141784564
127.7,49.989560351744856
127.80000000000001,49.99497649338538
127.9,50.00260370476417
128.0,50.00456259665116
128.1,50.00093740532936
128.20000000000002,49.997706841677605
128.3,50.00077622661452
128.4,50.00425774470509
128.5,50.012624761625744
128.6,50.01507222055013
128.70000000000002,50.02135786903892
128.8,50.03035170590243
128.9,50.03118875064011
129.0,50.022119454977364
129.1,50.014933195183474
129.20000000000002,50.00623171199841
129.3,50.015750095724506
129.4,50.01058689367691
129.5,50.017925008601
129.6,50.021349775027375
129.70000000000002,50.03153464091327
129.8,50.03739553062564
129.9,50.036594331405226
130.0,50.03521117704584
130.1,50.03554612748029
130.20000000000002,50.036419962554284
130.3,50.03305340071477
130.4,50.03269236392566
130.5,50.04218482247805
130.6,50.03176106850071
130.70000000000002,50.03315319199536
130.8,50.0275457091995
130.9,50.02853020315033
131.0,50.03342668678583
131.1,50.03291389226916
131.20000000000002,50.0373872443269
131.3,50.02766127169696
131.4,50.03416490001447
131.5,50.03037530005851
131.6,50.033957871976966
131.70000000000002,50.03488277119294
131.8,50.019194984262235
131.9,50.014562624612104
132.0,50.01581286169665
132.1,50.02505765387759
132.20000000000002,50.02665597532362
132.3,50.028068870725626
132.4,50.019452421834224
132.5,50.02794203990419
132.6,50.0386447916758
132.70000000000002,50.038623017976164
132.8,50.03711136059696
132.9,50.02721150549912
133.0,50.03237537432536
133.1,50.048427173407894
133.20000000000002,50.05248771598957
133.3,50.059807498518545
133.4,50.0627609847882
133.5,50.05653708454484
133.6,50.06427443490824
133.70000000000002,50.05654561333688
133.8,50.05499889583622
133.9,50.05639701182705
134.0,50.06141248473258
134.1,50.0636013363015
134.20000000000002,50.06560433662499
134.3,50.06070738653129
134.4,50.05266762111488
134.5,50.05277316701888
134.6,50.04824813252033
134.70000000000002,50.04016017808931
134.8,50.032363698369856
134.9,50.029261109032966
135.0,50.01799933032676
135.1,50.00982452145806
135.20000000000002,49.99996457727635
135.3,50.001058311172656
135.4,50.00350092499391
135.5,50.015526266148036
135.6,50.0064634560219
135.70000000000002,50.00235355698833
135.8,50.007817457539325
135.9,50.0064777274217
136.0,50.00448335115234
136.1,50.01471595261662
136.20000000000002,50.01261193589641
136.3,50.005611707000924
136.4,49.99768200870672
136.5,49.99970776459707
136.6,50.001540675394516
136.70000000000002,49.99330275779583
136.8,49.98742386646049
136.9,49.99069502295508
137.0,49.99420514847546
137.1,49.990374790231456
137.20000000000002,49.99415621349141
137.3,49.997616559947694
137.4,49.98692998665564
137.5,49.98512295421967
137.6,49.9876880929953
137.70000000000002,49.984311198317336
137.8,49.971556051111946
137.9,49.97000018252759
138.0,49.9746627405746
138.1,49.984271860386606
138.20000000000002,49.97120580511715
138.3,49.98702970416495
138.4,49.98033173765795
138.5,49.986171904194464
138.6,49.9936462330967
138.70000000000002,49.99957610573202
138.8,50.00047593608072
138.9,49.99350505042419
139.0,49.997296877899984
139.1,49.993018994449834
139.20000000000002,49.97791772981696
139.3,49.99500153297017
139.4,49.99927513743709
139.5,50.01018722452082
139.6,50.00466655155325
139.70000000000002,50.01344823573595
139.8,50.02292020950617
139.9,50.03213290560564
140.0,50.031845003078345
140.1,50.02447100580049
140.20000000000002,50.023284773930314
140.3,50.00995173537806
140.4,49.99968990236475
140.5,50.00024308553983
140.6,49.99429347931752
140.70000000000002,49.9933353307882
140.8,49.99271465562585
140.9,50.00433544463883
141.0,50.01209952683415
141.1,50.011769793694995
141.20000000000002,50.018964341931536
141.3,50.01419124135374
141.4,50.0120989030024
141.5,50.017499754348094
141.6,50.00996229211093
141.70000000000002,50.00823859628057
141.8,50.00027232813864
141.9,50.000975800944914
142.0,50.010766016473724
142.1,50.00619960505675
142.20000000000002,50.00752388400695
142.3,50.0021023331771
142.4,49.99519452785177
142.5,49.98780345809046
142.6,49.99659295328846
142.70000000000002,50.010784601345726
142.8,50.01362894057083
142.9,50.009263038053156
143.0,50.01344607266895
143.1,50.011372901147546
143.20000000000002,50.01612442672703
143.3,50.017789766422595
143.4,50.019379042495615
143.5,50.02292580363939
143.6,50.01933421279933
143.70000000000002,50.01681133479665
143.8,50.006399804582344
143.9,50.00371658891071
144.0,49.99516400982577
144.1,49.9943201025824
144.20000000000002,49.98860271637317
144.3,49.98926710931323
144.4,49.992040209605165
144.5,49.983559273130744
144.6,49.978761802199614
144.70000000000002,49.97320812177761
144.8,49.97782104171919
144.9,49.988170108674915
145.0,49.993338477823755
145.1,49.991275271868446
145.20000000000002,50.00010893384692
145.3,49.99102374275904
145.4,50.00006477235801
145.5,49.99612716325841
145.6,49.97946476815119
145.70000000000002,49.99547227274494
145.8,50.00496304982716
145.9,49.998746932215305
146.0,49.999767249439785
146.1,49.998481416479066
146.20000000000002,49.99910233421644
146.3,49.99020710392011
146.4,49.98616710450451
146.5,49.98904403667847
146.6,49.99043499351481
146.70000000000002,49.99767824960728
146.8,49.99816835990381
146.9,50.01227284821967
147.0,50.007917094635566
147.1,50.00943350351411
147.20000000000002,49.99788842862094
147.3,49.99038018770524
147.4,49.9983994425323
147.5,49.992750628714774
147.6,49.99597092661521
147.70000000000002,49.995620446838025
147.8,49.98937505085771
147.9,49.9873386799583
148.0,49.98431658475062
148.1,49.98147080661612
148.20000000000002,49.98608510184861
148.3,49.990068743665866
148.4,49.98665384576777
148.5,49.9812779597159
148.6,49.98306559392443
148.70000000000002,49.982550173484306
148.8,49.98880711739158
148.9,50.004794843228304
149.0,50.00982841561871
149.1,50.00957089191423
149.20000000000002,50.00849077362938
149.3,50.003308155038454
149.4,49.997851577556965
149.5,49.991841826606176
149.6,49.98951060644471
149.70000000000002,49.98700019273792
149.8,49.9915275760136
149.9,49.98917594404353
150.0,49.9880453660247
150.1,49.98079549504124
150.20000000000002,49.990758971341215
150.3,49.99384709494203
150.4,50.00461109848266
150.5,50.009369357742465
150.6,50.018260326665235
150.70000000000002,50.016678099879236
150.8,50.020897674227584
150.9,50.0370262240735
151.0,50.0294998861835
151.1,50.03641000048297
151.20000000000002,50.04641561579103
151.3,50.048710303178325
151.4,50.05305802627674
151.5,50.06047054295163
151.6,50.05614641924108
151.70000000000002,50.058370157513735
151.8,50.05275027711246
151.9,50.04833904347896
152.0,50.0443079717879
152.1,50.043208822292804
152.20000000000002,50.043891432012245
152.3,50.046450173854296
152.4,50.03751247084613
152.5,50.04948556102294
152.6,50.056339306958364
152.70000000000002,50.060518987039934
152.8,50.05801720975509
152.9,50.05717928370591
153.0,50.06026038581118
153.1,50.062487723800494
153.20000000000002,50.05184891055303
153.3,50.05614534158589
153.4,50.07379410040838
153.5,50.062065390205426
153.60000000000002,50.0678731289842
153.70000000000002,50.06980477518974
153.8,50.06876925999552
153.9,50.07686750813568
154.0,50.06920159271652
154.10000000000002,50.06985815470961
154.20000000000002,50.07852059184763
154.3,50.076915397619395
154.4,50.07395524243314
154.5,50.07429332955536
154.60000000000002,50.07118133081955
154.70000000000002,50.08036043654722
154.8,50.07436754772245
154.9,50.079377297605824
155.0,50.0712603083204
155.10000000000002,50.07502944119513
155.20000000000002,50.0740074971717
155.3,50.05770648785791
155.4,50.057381096498496
155.5,50.050513488568356
155.60000000000002,50.047520232049955
155.70000000000002,50.056771941681596
155.8,50.04959659545095
155.9,50.04280890991933
156.0,50.05148016251097
156.10000000000002,50.05193794322122
156.20000000000002,50.061186639010664
156.3,50.06287635006031
156.4,50.057119580280364
156.5,50.05642497814783
156.60000000000002,50.063727623839775
156.70000000000002,50.06921401706968
156.8,50.06887341617679
156.9,50.06882991112018
157.0,50.06779155892389
157.10000000000002,50.063884598101794
157.20000000000002,50.07548045360753
157.3,50.075147410360486
157.4,50.06779421859593
157.5,50.06451274221125
157.60000000000002,50.068671097664776
157.70000000000002,50.07228509876772
157.8,50.071077679065844
157.9,50.06659874893071
158.0,50.06641324791169
158.10000000000002,50.05575705637182
158.20000000000002,50.047447611799704
158.3,50.05213877130554
158.4,50.04892146468014
158.5,50.0509897609601
158.60000000000002,50.05825036735372
158.70000000000002,50.061966590471954
158.8,50.061783895439504
158.9,50.07460286714949
159.0,50.07834884559222
159.10000000000002,50.075770339300604
159.20000000000002,50.07990766796284
159.3,50.08202420858641
159.4,50.07633417170979
159.5,50.07640259207571
159.60000000000002,50.075002833912976
159.70000000000002,50.06249850568119
159.8,50.06112250440916
159.9,50.05907055980998
160.0,50.05607137100078
160.10000000000002,50.04564443335663
160.20000000000002,50.04322831108034
160.3,50.04276735698059
160.4,50.04318229343994
160.5,50.035962224369996
160.60000000000002,50.03968377320269
160.70000000000002,50.0319873261859
160.8,50.0304471422644
160.9,50.03834485887582
161.0,50.03388259076939
161.10000000000002,50.03056316774773
161.20000000000002,50.03703047037301
161.3,50.03447703705224
161.4,50.03247311355611
161.5,50.03367490009839
161.60000000000002,50.03997704023686
161.70000000000002,50.02618939956994
161.8,50.02095142565688
161.9,50.014637187883714
162.0,50.0078775210578
162.10000000000002,50.00257143260044
162.20000000000002,49.997389285584006
162.3,49.99925763546329
162.4,49.993788581113144
162.5,49.99457314387534
162.60000000000002,49.9970688016052
162.70000000000002,49.99259513851308
162.8,49.993435419872995
162.9,50.00353335746631
163.0,50.00549601446425
163.10000000000002,50.00155065784877
163.20000000000002,50.00114378089305
163.3,49.995510409791834
163.4,49.99719567504704
163.5,50.00250439150849
163.60000000000002,49.997464203782435
163.70000000000002,49.99619321975184
163.8,50.0030360304994
163.9,49.99996993609175
164.0,50.00112270142935
164.10000000000002,49.994840303121876
164.20000000000002,49.98984538694281
164.3,49.98675538087071
164.4,49.999879524105644
164.5,49.997425825637094
164.60000000000002,49.99425894439249
164.70000000000002,49.99090848849967
164.8,49.98996033193282
164.9,49.99394611098327
165.0,49.995113323050376
165.10000000000002,50.00748464448333
165.20000000000002,50.00872998794131
165.3,50.01737076289774
165.4,50.0189441757794
165.5,50.02248294389119
165.60000000000002,50.01370892953346
165.70000000000002,50.01287802819695
165.8,50.012399951612196
165.9,50.01088020981275
166.0,49.99790853700054
166.10000000000002,50.003202741086774
166.20000000000002,50.00086382540324
166.3,49.998231078342755
166.4,49.9967088941848
166.5,49.99535687458063
166.60000000000002,49.997822680732455
166.70000000000002,49.9902073738194
166.8,49.9846700846088
166.9,49.98649053396115
167.0,49.987431578159274
167.10000000000002,49.98523449141502
167.20000000000002,49.981864844524104
167.3,49.97694897208246
167.4,49.97671409623867
167.5,49.98391492059663
167.60000000000002,49.977647041485376
167.70000000000002,49.986898714557846
167.8,49.992028109777344
167.9,49.98935018680459
168.0,49.99410188512335
168.10000000000002,49.98533595519656
168.20000000000002,49.97501982574961
168.3,49.967406033083954
168.4,49.96511052412665
168.5,49.96333251169232
168.60000000000002,49.960424994631005
168.70000000000002,49.96121940580124
168.8,49.94860238532592
168.9,49.951831469837394
169.0,49.943556509014854
169.10000000000002,49.93987362283843
169.20000000000002,49.93769715192648
169.3,49.93107140234639
169.4,49.923190047322834
169.5,49.917537607094935
169.60000000000002,49.91787837720661
169.70000000000002,49.92182887839493
169.8,49.925605145069184
169.9,49.920010173114214
170.0,49.915660659359375
170.10000000000002,49.91055873707468
170.20000000000002,49.91370481726188
170.3,49.90191177209246
170.4,49.909832248795496
170.5,49.907374258299775
170.60000000000002,49.90313623782548
170.70000000000002,49.90565727941179
170.8,49.91232470734538
170.9,49.914818583349955
171.0,49.92156095717712
171.10000000000002,49.92275930529116
171.20000000000002,49.93052334039895
171.3,49.93834168392866
171.4,49.938053102773026
171.5,49.94699807258672
171.60000000000002,49.94825148443167
171.70000000000002,49.94903158633132
171.8,49.94375758637698
171.9,49.94230611841038
172.0,49.94726008429338
172.10000000000002,49.9396479024135
172.20000000000002,49.94384740695738
172.3,49.94621986563021
172.4,49.948154134799566
172.5,49.935174410953024
172.60000000000002,49.93487908138045
172.70000000000002,49.93909424601969
172.8,49.93482104504809
172.9,49.93568878001743
173.0,49.92174189650294
173.10000000000002,49.92616154523815
173.20000000000002,49.92255614065391
173.3,49.92817150163604
173.4,49.91747392647226
173.5,49.92204016116985
173.60000000000002,49.921008324638095
173.70000000000002,49.92624890580092
173.8,49.92106340254924
173.9,49.91774734338804
174.0,49.93161331474003
174.10000000000002,49.92697553526371
174.20000000000002,49.92310449434294
174.3,49.92182947964823
174.4,49.91608497989507
174.5,49.9236472957137
174.60000000000002,49.93437913912035
174.70000000000002,49.930482607025255
174.8,49.920474000916045
174.9,49.927903494729414
175.0,49.93491432032651
175.10000000000002,49.940169703877956
175.20000000000002,49.947407923967056
175.3,49.942465732752275
175.4,49.941742425636484
175.5,49.93372905588226
175.60000000000002,49.92555143362534
175.70000000000002,49.93181028430082
175.8,49.928119753304664
175.9,49.94215658410226
176.0,49.94289088184164
176.10000000000002,49.939333878541035
176.20000000000002,49.94442452037057
176.3,49.95550997191431
176.4,49.95864920781129
176.5,49.95155309074747
176.60000000000002,49.954021342105044
176.70000000000002,49.962504823760916
176.8,49.959732853947955
176.9,49.95529233793375
177.0,49.96161456371226
177.10000000000002,49.962646297336704
177.20000000000002,49.95621781323393
177.3,49.95415824455827
177.4,49.949853478389684
177.5,49.951881822986955
177.60000000000002,49.952780520952984
177.70000000000002,49.95991930060658
177.8,49.964377694355434
177.9,49.95517460191948
178.0,49.95784067209861
178.10000000000002,49.96343306265616
178.20000000000002,49.966351172945075
178.3,49.97269977503603
178.4,49.96953881420483
178.5,49.96398612917009
178.60000000000002,49.96974661867569
178.70000000000002,49.9635050975534
178.8,49.950730346868966
178.9,49.95712849480257
179.0,49.95299774277454
179.10000000000002,49.95139635685461
179.20000000000002,49.943251498980956
179.3,49.93558207596402
179.4,49.92896463253234
179.5,49.927155910259295
179.60000000000002,49.92974012516493
179.70000000000002,49.916304557244565
179.8,49.921236073506044
179.9,49.91453790416178
180.0,49.90856734409325
180.10000000000002,49.913091639701236
180.20000000000002,49.913078377907645
180.3,49.90429438330066
180.4,49.915840467507564
180.5,49.91109753554038
180.60000000000002,49.91302594357436
180.70000000000002,49.91466015594814
180.8,49.92355481813958
180.9,49.92120303103621
181.0,49.92764555398732
181.10000000000002,49.923555989083475
181.20000000000002,49.93067098228907
181.3,49.92643971960013
181.4,49.92463426641044
181.5,49.93638689436579
181.60000000000002,49.93860678822267
181.70000000000002,49.939572308117775
181.8,49.953326742227254
181.9,49.95572824856032
182.0,49.95105278347115
182.10000000000002,49.95570528754356
182.20000000000002,49.94883667560379
182.3,49.95586239145824
182.4,49.963318946059864
182.5,49.96006459625832
182.60000000000002,49.956496862181325
182.70000000000002,49.95777340344453
182.8,49.95806946733798
182.9,49.95241299430009
183.0,49.956059456526496
183.10000000000002,49.944027905066285
183.20000000000002,49.94171060879141
183.3,49.93957840995831
183.4,49.938240924599384
183.5,49.94039306340864
183.60000000000002,49.93332296353309
183.70000000000002,49.93718743921483
183.8,49.93642057792683
183.9,49.93283717836631
184.0,49.92497203566751
184.10000000000002,49.91824851985878
184.20000000000002,49.920819225891655
184.3,49.91543203510495
184.4,49.91624006711653
184.5,49.9230307645095
184.60000000000002,49.92961146637903
184.70000000000002,49.93932579081171
184.8,49.93785140191655
184.9,49.93165125047605
185.0,49.938116147285996
185.10000000000002,49.9402831896526
185.20000000000002,49.94732547760479
185.3,49.9476551866431
185.4,49.95509078685666
185.5,49.9603936574427
185.60000000000002,49.96489021457599
185.70000000000002,49.96808690076989
185.8,49.97063266034122
185.9,49.9721777118816
186.0,49.973672260759365
186.10000000000002,49.97974506702892
186.20000000000002,49.976774463650315
186.3,49.98730470214863
186.4,49.986730723365724
186.5,49.992709362919435
186.60000000000002,49.9922043689781
186.70000000000002,49.99076335116063
186.8,50.00300298331921
186.9,50.00113189969141
187.0,49.9934629396169
187.10000000000002,49.98921113196469
187.20000000000002,49.98736170858381
187.3,50.000356051157205
187.4,50.00159480649465
187.5,50.00719511286098
187.60000000000002,50.00114953755539
187.70000000000002,50.00325943960618
187.8,50.007272012498525
187.9,50.018045414168824
188.0,50.01377756440803
188.10000000000002,50.01732961336216
188.20000000000002,50.01905846874607
188.3,50.012832888139144
188.4,50.01265198628493
188.5,50.01100787689629
188.60000000000002,49.997000644956124
188.70000000000002,50.00060765647764
188.8,50.003846078713714
188.9,50.001193239556166
189.0,49.9931559016907
189.10000000000002,50.002069407385044
189.20000000000002,50.003655056072475
189.3,50.009736988556185
189.4,50.018150234393616
189.5,50.01493404251571
189.60000000000002,50.019732299498976
189.70000000000002,50.01818674391946
189.8,50.01772051835086
189.9,50.017118222059274
190.0,50.01702471735425
190.10000000000002,50.02362335496525
190.20000000000002,50.0242482033766
190.3,50.02320456587137
190.4,50.02142931965291
190.5,50.02337005794988
190.60000000000002,50.01788399928028
190.70000000000002,50.01477862870058
190.8,50.01439105207044
190.9,50.01092400693683
191.0,50.01015852998453
191.10000000000002,50.00644307615709
191.20000000000002,50.01843460745048
191.3,50.02631679885712
191.4,50.02888492784121
191.5,50.02841879209318
191.60000000000002,50.04142128310951
191.70000000000002,50.0431518941424
191.8,50.042415061624475
191.9,50.044021744577265
192.0,50.045637295092845
192.10000000000002,50.053871014856284
192.20000000000002,50.0534878716271
192.3,50.06581638121331
192.4,50.06019517174723
192.5,50.06405849719001
192.60000000000002,50.05772724404417
192.70000000000002,50.06834121356369
192.8,50.06601611486252
192.9,50.06533689865733
193.0,50.070555635601856
193.10000000000002,50.07773490152802
193.20000000000002,50.07067496600085
193.3,50.06824463722099
193.4,50.05953387439809
193.5,50.060060035934356
193.60000000000002,50.059151500543834
193.70000000000002,50.05676213890456
193.8,50.05237156017663
193.9,50.04979426359266
194.0,50.04506692024231
194.10000000000002,50.04801535669326
194.20000000000002,50.056870980193025
194.3,50.045002280640645
194.4,50.04408146414101
194.5,50.041352026175744
194.60000000000002,50.04409947757587
194.70000000000002,50.03816837808393
194.8,50.037098921209356
194.9,50.030675873508436
195.0,50.03470268120173
195.10000000000002,50.03512481557547
195.20000000000002,50.033980344104215
195.3,50.03603156995775
195.4,50.03437251228018
195.5,50.024877723820914
195.60000000000002,50.02832771766141
195.70000000000002,50.02991570009585
195.8,50.0288416439861
195.9,50.034606985349974
196.0,50.04174492372197
196.10000000000002,50.034982503298636
196.20000000000002,50.03012113435023
196.3,50.03925423925308
196.4,50.04757107925637
196.5,50.04290286508857
196.60000000000002,50.03560409044971
196.70000000000002,50.03160066467504
196.8,50.02845396291076
196.9,50.01880729810489
197.0,50.01890026513086
197.10000000000002,50.011124690346755
197.20000000000002,50.003806728994775
197.3,50.00928433388339
197.4,50.0051387765611
197.5,50.0046842555856
197.60000000000002,50.00843541244173
197.70000000000002,50.01327257981207
197.8,50.01118409614025
197.9,50.011392880531474
198.0,50.00638348019245
198.10000000000002,50.016835840970245
198.20000000000002,50.02065136067197
198.3,50.013928665189056
198.4,50.01388336967624
198.5,50.01809526295202
198.60000000000002,50.02088125243667
198.70000000000002,50.031751866882736
198.8,50.03982702222742
198.9,50.03639204836932
199.0,50.0356750051247
199.10000000000002,50.027807381741226
199.20000000000002,50.02916506272985
199.3,50.02992536377348
199.4,50.045996634130326
199.5,50.04635210158494
199.60000000000002,50.03356082679311
199.70000000000002,50.029360503738914
199.8,50.02988779648937
199.9,50.02220226575136
200.0,50.0168880083183
200.10000000000002,50.00315449660965
200.20000000000002,49.99409013581499
200.3,49.98237179971514
200.4,49.96670058188039
200.5,49.96148972079925
200.60000000000002,49.94865055945407
200.70000000000002,49.93641653917553
200.8,49.91925038614294
200.9,49.906010764033354
201.0,49.90173341985505
201.10000000000002,49.88412105605793
201.20000000000002,49.87612691182174
201.3,49.87314881984385
201.4,49.863851021036226
201.5,49.858527510577815
201.60000000000002,49.84530979025323
201.70000000000002,49.84693181051927
201.8,49.847494372996806
201.9,49.8430578776894
202.0,49.82689044369739
202.10000000000002,49.81524240735128
202.20000000000002,49.81596620272388
202.3,49.821276439508715
202.4,49.818226804385546
202.5,49.82105671326773
202.60000000000002,49.81289661915925
202.70000000000002,49.807436945852615
202.8,49.80329207771778
202.9,49.80183902136882
203.0,49.78881645298486
203.10000000000002,49.79080594590203
203.20000000000002,49.7952024462525
203.3,49.78487068736354
203.4,49.773468258581836
203.5,49.772471564985324
203.60000000000002,49.765560109524934
203.70000000000002,49.74848988583202
203.8,49.75068369530897
203.9,49.74904734868784
204.0,49.743721146284386
204.10000000000002,49.75405431169803
204.20000000000002,49.752577648906396
204.3,49.745840437139755
204.4,49.7443475751963
204.5,49.736095222243854
204.60000000000002,49.729631972056794
204.70000000000002,49.73016450944253
204.8,49.725123549527034
204.9,49.72079723487074
205.0,49.729279808972386
205.10000000000002,49.73292966602425
205.20000000000002,49.73628361503209
205.3,49.73803790067917
205.4,49.739574839966615
205.5,49.746995535557765
205.60000000000002,49.7455775762342
205.70000000000002,49.75547045963759
205.8,49.748523997768984
205.9,49.745840348699815
206.0,49.7364770041183
206.10000000000002,49.733416053210625
206.20000000000002,49.735588790273596
206.3,49.743391087580235
206.4,49.73850908198421
206.5,49.73770404109515
206.60000000000002,49.73475535403825
206.70000000000002,49.72958319245576
206.8,49.72176907987498
206.9,49.721529935862335
207.0,49.710570115445435
207.10000000000002,49.7107540986133
207.20000000000002,49.710431879600485
207.3,49.70607027017001
207.4,49.69964174404892
207.5,49.69103415105613
207.60000000000002,49.702031674517166
207.70000000000002,49.69372175593586
207.8,49.70287789741712
207.9,49.706268642349805
208.0,49.70388210406108
208.10000000000002,49.69677315147696
208.20000000000002,49.70292038466458
208.3,49.71318230391733
208.4,49.7074326184989
208.5,49.705544422394794
208.60000000000002,49.711788277615405
208.70000000000002,49.71372562142481
208.8,49.7256574702934
208.9,49.72212755096673
209.0,49.72530783658647
209.10000000000002,49.717730284959586
209.20000000000002,49.730288375636945
209.3,49.72584259262154
209.4,49.71256908685317
209.5,49.71187048323836
209.60000000000002,49.71110821729154
209.70000000000002,49.72269416355287
209.8,49.72070978063823
209.9,49.72070589703812
210.0,49.7243516395794
210.10000000000002,49.733948858381595
210.20000000000002,49.73361342005241
210.3,49.73990786444762
210.4,49.74305407965479
210.5,49.741309901709016
210.60000000000002,49.74182810715719
210.70000000000002,49.742061039812114
210.8,49.73663490709208
210.9,49.744024127131325
211.0,49.735790294412254
211.10000000000002,49.74294778482108
211.20000000000002,49.74877813821692
211.3,49.748303414638414
211.4,49.74380532768585
211.5,49.74257223611783
211.60000000000002,49.745548661993055
211.70000000000002,49.750139834119544
211.8,49.75197891914039
211.9,49.758047605981375
212.0,49.75479581157345
212.10000000000002,49.75631943119638
212.20000000000002,49.74702479703875
212.3,49.7517751832873
212.4,49.7528456487055
212.5,49.75050461995483
212.60000000000002,49.757644189704315
212.70000000000002,49.76193399647052
212.8,49.7451607085102
212.9,49.745614678019685
213.0,49.73710251483357
213.10000000000002,49.74376845576208
213.20000000000002,49.75894086094621
213.3,49.755996927155955
213.4,49.75663143527858
213.5,49.75531401825387
213.60000000000002,49.75761907379865
213.70000000000002,49.761679710456384
213.8,49.76958049387944
213.9,49.76379855535248
214.0,49.773404233749645
214.10000000000002,49.76794726232797
214.20000000000002,49.76977336525054
214.3,49.77688334626119
214.4,49.78128950084937
214.5,49.77576688642045
214.60000000000002,49.771695612693975
214.70000000000002,49.769085989969895
214.8,49.76896004481637
214.9,49.77602704829163
215.0,49.76842963889098
215.10000000000002,49.77142473342049
215.20000000000002,49.77526784860738
215.3,49.77878495013621
215.4,49.781735811823324
215.5,49.79098716785472
215.60000000000002,49.79401232636152
215.70000000000002,49.799240324379845
215.8,49.80268470975464
215.9,49.813492220689305
216.0,49.80209108567584
216.10000000000002,49.809841282521596
216.20000000000002,49.808296689467085
216.3,49.80664445256828
216.4,49.80087062133219
216.5,49.78973300624481
216.60000000000002,49.78757449931044
216.70000000000002,49.78359696890526
216.8,49.786730664413525
216.9,49.77805256832219
217.0,49.78684357454212
217.10000000000002,49.78863497116818
217.20000000000002,49.787300777771094
217.3,49.783206483410545
217.4,49.77866827724154
217.5,49.772097768404976
217.60000000000002,49.769076726727825
217.70000000000002,49.769375483081326
217.8,49.76857445940932
217.9,49.76035686313037
218.0,49.759074454217014
218.10000000000002,49.7540364445147
218.20000000000002,49.75534410512855
218.3,49.76687591049853
218.4,49.77091432269922
218.5,49.769305704757414
218.60000000000002,49.75983654570624
218.70000000000002,49.75167765903666
218.8,49.74192952495821
218.9,49.74670821405219
219.0,49.742518694726066
219.10000000000002,49.74331803330048
219.20000000000002,49.7400075625087
219.3,49.740994764286725
219.4,49.74984175189759
219.5,49.74612658746527
219.60000000000002,49.744495747159604
219.70000000000002,49.74008251833585
219.8,49.74577864169898
219.9,49.74004628993764
220.0,49.733700747002736
220.10000000000002,49.725860582621436
220.20000000000002,49.71793647111903
220.3,49.72132988922256
220.4,49.7372974132239
220.5,49.73179976782587
220.60000000000002,49.73801280743348
220.70000000000002,49.73999380114148
220.8,49.73384775260521
220.9,49.73268600148859
221.0,49.73179437447438
221.10000000000002,49.72816210172389
221.20000000000002,49.740277439969475
221.3,49.72931342380228
221.4,49.73212874693277
221.5,49.734634489186774
221.60000000000002,49.73166241689013
221.70000000000002,49.73308146850546
221.8,49.738863577824446
221.9,49.7402690893415
222.0,49.74325663779203
222.10000000000002,49.74788428337165
222.20000000000002,49.73614049043376
222.3,49.74551952065405
222.4,49.759652702728104
222.5,49.76593164995617
222.60000000000002,49.77237789729105
222.70000000000002,49.764261914078375
222.8,49.763926885932996
222.9,49.75943329707384
223.0,49.756312723752245
223.10000000000002,49.762534584213824
223.20000000000002,49.758101148064775
223.3,49.7577341064429
223.4,49.74669944908365
223.5,49.746222277134805
223.60000000000002,49.74723959773155
223.70000000000002,49.74348439846451
223.8,49.73965879874539
223.9,49.75149158290458
224.0,49.744689592658546
224.10000000000002,49.73887776325659
224.20000000000002,49.73454601483453
224.3,49.74228427966296
224.4,49.75540156640672
224.5,49.757838435162334
224.60000000000002,49.75396751974333
224.70000000000002,49.75185483167099
224.8,49.75870932950253
224.9,49.753675623691855
225.0,49.76285251918582
225.10000000000002,49.77176666107375
225.20000000000002,49.77255934863264
225.3,49.776804937811285
225.4,49.78165232425524
225.5,49.79130358419214
225.60000000000002,49.78527393819613
225.70000000000002,49.79267169658473
225.8,49.790695184292986
225.9,49.78637466701977
226.0,49.78729965955573
226.10000000000002,49.78631922998541
226.20000000000002,49.78070611006982
226.3,49.77146332725538
226.4,49.766199464329205
226.5,49.775329922893164
226.60000000000002,49.78747728895351
226.70000000000002,49.791690482695465
226.8,49.799098744216565
226.9,49.79625469030231
227.0,49.79606421771808
227.10000000000002,49.798035466160485
227.20000000000002,49.79181379961805
227.3,49.78617257805555
227.4,49.787083552596094
227.5,49.78548634306619
227.60000000000002,49.77943885775631
227.70000000000002,49.782123395731354
227.8,49.780896891992874
227.9,49.78738556701638
228.0,49.787683832294526
228.10000000000002,49.78621109528799
228.20000000000002,49.78731483828281
228.3,49.786616358479506
228.4,49.782946228584024
228.5,49.780892219528425
228.60000000000002,49.7857579590761
228.70000000000002,49.78998318116354
228.8,49.7980267663052
228.9,49.78815602305799
229.0,49.78613527063147
229.10000000000002,49.783996928975775
229.20000000000002,49.78538857868595
229.3,49.783030901568026
229.4,49.78032006592679
229.5,49.7854009372072
229.60000000000002,49.78682828242485
229.70000000000002,49.78018298203555
229.8,49.788577328177205
229.9,49.7949043725685
230.0,49.79177670481518
230.10000000000002,49.7970973067052
230.20000000000002,49.79299383227108
230.3,49.80007723143088
230.4,49.79906521972734
230.5,49.79454938291696
230.60000000000002,49.792635732799845
230.70000000000002,49.7883764723554
230.8,49.789887503453954
230.9,49.791289945650114
231.0,49.79185073264847
231.10000000000002,49.788855373679674
231.20000000000002,49.76724935957345
231.3,49.76827604417904
231.4,49.75736433733462
231.5,49.759350885189555
231.60000000000002,49.76664829028853
231.70000000000002,49.76876891528639
231.8,49.76690015717631
231.9,49.766299248118685
232.0,49.765983382690195
232.10000000000002,49.763173169733
232.20000000000002,49.76017086569936
232.3,49.75514407735866
232.4,49.76281591316994
232.5,49.763228235578104
232.60000000000002,49.769470581243404
232.70000000000002,49.76844491537597
232.8,49.76935882339582
232.9,49.76881399028376
233.0,49.77207232232678
233.10000000000002,49.77749828707738
233.20000000000002,49.77937666060413
233.3,49.77576564034801
233.4,49.77153697005012
233.5,49.7819653081491
233.60000000000002,49.78070737216948
233.70000000000002,49.77939045395715
233.8,49.78861789067008
233.9,49.7955374237211
234.0,49.799099328910636
234.10000000000002,49.79704512490669
234.20000000000002,49.81151786193461
234.3,49.81415799577918
234.4,49.81771010051556
234.5,49.81693699457381
234.60000000000002,49.80870964389888
234.70000000000002,49.80100179795505
234.8,49.80378402660022
234.9,49.80646254346593
235.0,49.805337791276294
235.10000000000002,49.79862963821355
235.20000000000002,49.79033626780683
235.3,49.78876829188647
235.4,49.780439574825266
235.5,49.786283841687975
235.60000000000002,49.79362246277288
235.70000000000002,49.810983684076724
235.8,49.81655487420239
235.9,49.81327227939892
236.0,49.808334276813476
236.10000000000002,49.78794165532682
236.20000000000002,49.78479309853231
236.3,49.78416884215397
236.4,49.79041745811515
236.5,49.79449865081656
236.60000000000002,49.798420995716306
236.70000000000002,49.80007645490704
236.8,49.804408388407566
236.9,49.813439857317285
237.0,49.80735236100325
237.10000000000002,49.804941812874326
237.20000000000002,49.79695698030452
237.3,49.80705627126896
237.4,49.815175365009644
237.5,49.81998739810612
237.60000000000002,49.813071400357785
237.70000000000002,49.814420000994474
237.8,49.8133173929499
237.9,49.814114133943995
238.0,49.813294255962965
238.10000000000002,49.81672793715151
238.20000000000002,49.8146567260829
238.3,49.820093363892816
238.4,49.82182479346454
238.5,49.820341766812064
238.60000000000002,49.81995451750325
238.70000000000002,49.817597823831186
238.8,49.82278076430989
238.9,49.82142671910856
239.0,49.82347859192737
239.10000000000002,49.82139745225942
239.20000000000002,49.812771549651664
239.3,49.818537027621105
239.4,49.812489304370224
239.5,49.81689655460417
239.60000000000002,49.819728727718804
239.70000000000002,49.810090629262476
239.8,49.8047698374603
239.9,49.802060138391866
240.0,49.797525284949316
240.10000000000002,49.79084598947636
240.20000000000002,49.7957340871647
240.3,49.794721134392965
240.4,49.79746541712314
240.5,49.79529977741853
240.60000000000002,49.79756097961584
240.70000000000002,49.793472988805824
240.8,49.793754230904014
240.9,49.79768522875302
241.0,49.798376918640265
241.10000000000002,49.796053035028095
241.20000000000002,49.78996441486947
241.3,49.79143301453746
241.4,49.79395912479504
241.5,49.792853751464165
241.60000000000002,49.78868911477409
241.70000000000002,49.792417694885614
241.8,49.8077634883521
241.9,49.80632836850309
242.0,49.80873660135686
242.10000000000002,49.811377681216186
242.20000000000002,49.79634337392357
242.3,49.79752716513546
242.4,49.79372371320949
242.5,49.802487479157975
242.60000000000002,49.80137634234106
242.70000000000002,49.79713041859135
242.8,49.796260898975206
242.9,49.7977070434216
243.0,49.794788109880734
243.10000000000002,49.794928178671945
243.20000000000002,49.787259514136046
243.3,49.786403578976405
243.4,49.79155842759479
243.5,49.80384944295305
243.60000000000002,49.80850400179623
243.70000000000002,49.81052874323444
243.8,49.81801529281928
243.9,49.82447740476606
244.0,49.834776547135505
244.10000000000002,49.84153800787663
244.20000000000002,49.84106347831313
244.3,49.842850120614564
244.4,49.844153042057435
244.5,49.84618824553117
244.60000000000002,49.847603291698654
244.70000000000002,49.84311568916572
244.8,49.83072420640829
244.9,49.826987347491645
245.0,49.81514395883861
245.10000000000002,49.815924668395446
245.20000000000002,49.81632185624798
245.3,49.80663730943912
245.4,49.81118455648858
245.5,49.81678212038296
245.60000000000002,49.81772657073595
245.70000000000002,49.82809809644521
245.8,49.839642668991395
245.9,49.832664468933004
246.0,49.83917826070172
246.10000000000002,49.842085244397246
246.20000000000002,49.84484342753005
246.3,49.85068548765767
246.4,49.84657754556458
246.5,49.84325181382012
246.60000000000002,49.83853780962568
246.70000000000002,49.834278889354394
246.8,49.83398050149717
246.9,49.82556462346288
247.0,49.81962829656693
247.10000000000002,49.82346207481786
247.20000000000002,49.823386626185986
247.3,49.826035946388096
247.4,49.81503961342165
247.5,49.81073158902481
247.60000000000002,49.80781657056075
247.70000000000002,49.808444752654545
247.8,49.8053577591127
247.9,49.81140407105606
248.0,49.81147208324949
248.10000000000002,49.8119923718493
248.20000000000002,49.812490076429434
248.3,49.81715284803933
248.4,49.81471553926277
248.5,49.82185537298845
248.60000000000002,49.82498636401177
248.70000000000002,49.8262664361817
248.8,49.82686716995256
248.9,49.83033716815198
249.0,49.836761203558154
249.10000000000002,49.842734795203945
249.20000000000002,49.84526137344485
249.3,49.85078132785536
249.4,49.851724375128356
249.5,49.85946835387017
249.60000000000002,49.859499885679355
249.70000000000002,49.84724091500343
249.8,49.855522220591176
249.9,49.856382779721244
250.0,49.849566306386876
250.10000000000002,49.84862188996425
250.20000000000002,49.843569381116836
250.3,49.8564472358743
250.4,49.859646396640855
250.5,49.85043202536513
250.60000000000002,49.85395381936684
250.70000000000002,49.85178941508882
250.8,49.86352980887868
250.9,49.857395455992936
251.0,49.84412661097088
251.10000000000002,49.84480233440264
251.20000000000002,49.842992130786044
251.3,49.840780457236285
251.4,49.828232749476285
251.5,49.8311568979297
251.60000000000002,49.84154646564454
251.70000000000002,49.83039054399772
251.8,49.83777286104642
251.9,49.83467944435229
252.0,49.849108647254226
252.10000000000002,49.85198853841052
252.20000000000002,49.851111733368384
252.3,49.857999484825896
252.4,49.861377491927904
252.5,49.85802851537044
252.60000000000002,49.86251313279394
252.70000000000002,49.859650660479446
252.8,49.849136556827254
252.9,49.861596312190066
253.0,49.859707523201656
253.10000000000002,49.856272397605515
253.20000000000002,49.85854166752856
253.3,49.84941026974247
253.4,49.841561649035604
253.5,49.83887666261975
253.60000000000002,49.836085448664264
253.70000000000002,49.83685865409073
253.8,49.843932799644804
253.9,49.841392860539614
254.0,49.8446673666687
254.10000000000002,49.8485787709791
254.20000000000002,49.842357686197765
254.3,49.844043682376196
254.4,49.8386952975553
254.5,49.845413837685086
254.60000000000002,49.84844671688927
254.70000000000002,49.84883370078182
254.8,49.841082309507776
254.9,49.84210459423298
255.0,49.83782444214929
255.10000000000002,49.84240441020955
255.20000000000002,49.84201052073553
255.3,49.83746126821445
255.4,49.84336271129498
255.5,49.848011523468
255.60000000000002,49.84474887069909
255.70000000000002,49.85203525137703
255.8,49.850523434534175
255.9,49.84895540328866
256.0,49.84999369504455
256.1,49.845768952132794
256.2,49.84343206035382
256.3,49.8427945798162
256.40000000000003,49.852305622184915
256.5,49.861586070240584
256.6,49.860269755639166
256.7,49.87017662823161
256.8,49.87011237623032
256.90000000000003,49.87259240550705
257.0,49.8780787717668
257.1,49.87998927908747
257.2,49.894629791823206
257.3,49.8961668370876
257.40000000000003,49.88905133294946
257.5,49.896990515586836
257.6,49.89458554219201
257.7,49.89283999008279
257.8,49.874979602625444
257.90000000000003,49.88116521276928
258.0,49.88622541607177
258.1,49.89114448081081
258.2,49.897116008024426
258.3,49.90733398146976
258.40000000000003,49.907079589534106
258.5,49.912728915213606
258.6,49.90826199075118
258.7,49.906158365805204
258.8,49.9125293589154
258.90000000000003,49.914875409791904
259.0,49.9068632257532
259.1,49.90906029832049
259.2,49.907981667642794
259.3,49.90309462684633
259.40000000000003,49.905750465923454
259.5,49.9033609927325
259.6,49.8939882851708
259.7,49.88741916861269
259.8,49.89816556957472
259.90000000000003,49.88915436318329
260.0,49.89061531685373
260.1,49.89439320433517
260.2,49.89832771619442
260.3,49.8910553050973
260.40000000000003,49.88924356963516
260.5,49.890215913674304
260.6,49.895140281477616
260.7,49.891369715981206
260.8,49.88450762918045
260.90000000000003,49.89067685086615
261.0,49.897431409577244
261.1,49.89974241333303
261.2,49.89616940699845
261.3,49.898708260602135
261.40000000000003,49.89945041508964
261.5,49.90455946633989
261.6,49.89712322101371
261.7,49.897917096711645
261.8,49.89705575151411
261.90000000000003,49.890495688895165
262.0,49.89192111226467
262.1,49.89225571877164
262.2,49.88991768481003
262.3,49.892430355950424
262.40000000000003,49.88404219845187
262.5,49.88388760117876
262.6,49.88664479963239
262.7,49.88850452009047
262.8,49.89511008618976
262.90000000000003,49.88801806588201
263.0,49.87912158099507
263.1,49.88075194881826
263.2,49.8836713536656
263.3,49.896564868101535
263.40000000000003,49.900375324951064
263.5,49.89522404163364
263.6,49.900179058558166
263.7,49.89520001560881
263.8,49.88640530647012
263.90000000000003,49.90222486409133
264.0,49.90426634206506
264.1,49.908633034188234
264.2,49.91207015948522
264.3,49.922981926079224
264.40000000000003,49.92467197897766
264.5,49.93195579628171
264.6,49.92573396766768
264.7,49.91735464871142
264.8,49.92593019660801
264.90000000000003,49.93475334416457
265.0,49.93774823261424
265.1,49.939020849702416
265.2,49.939928422103705
265.3,49.93570608526192
265.40000000000003,49.944866311738636
265.5,49.948702849143956
265.6,49.95160300512213
265.7,49.95371063165186
265.8,49.95983909667946
265.90000000000003,49.962680124475575
266.0,49.96694972309086
266.1,49.95971287790509
266.2,49.96258664716486
266.3,49.97550970455612
266.40000000000003,49.972134444389155
266.5,49.971114869096844
266.6,49.97622566982565
266.7,49.981703714901485
266.8,49.9851577538523
266.90000000000003,49.975142997952865
267.0,49.97789493747059
267.1,49.97052132590057
267.2,49.965339054253704
267.3,49.96841986341869
267.40000000000003,49.96642263524759
267.5,49.971068708549474
267.6,49.98972327798721
267.7,49.994059453963175
267.8,49.99804861462983
267.90000000000003,49.992306977607086
268.0,49.98811125586106
268.1,49.98141295385793
268.2,49.97793516543404
268.3,49.97112045336283
268.40000000000003,49.96693281077181
268.5,49.96547253813227
268.6,49.95926907627115
268.7,49.95058611289738
268.8,49.94229298534136
268.90000000000003,49.944934249755796
269.0,49.94519787784282
269.1,49.951257967023714
269.2,49.95739936452563
269.3,49.955200200598675
269.40000000000003,49.9590767408475
269.5,49.95027112602587
269.6,49.963851415116736
269.7,49.97083869765382
269.8,49.96932902691447
269.90000000000003,49.962138516582996
270.0,49.964244054145816
270.1,49.95283893765021
270.2,49.94803607854526
270.3,49.9524261979525
270.40000000000003,49.95275511864899
270.5,49.94968451459157
270.6,49.95528009064663
270.7,49.94891204751231
270.8,49.950516451585536
270.90000000000003,49.947417915169055
271.0,49.94223855893919
271.1,49.94495029303393
271.2,49.93891141254366
271.3,49.950272636011775
271.40000000000003,49.94665730686635
271.5,49.95850786761843
271.6,49.95179702222778
271.7,49.95531985462013
271.8,49.94799249951779
271.90000000000003,49.93985311983924
272.0,49.94075996033077
272.1,49.94476997393049
272.2,49.937049592171924
272.3,49.94411885688219
272.40000000000003,49.939262882239014
272.5,49.94000470019087
272.6,49.94223472759264
272.7,49.94574360234084
272.8,49.93488054901582
272.90000000000003,49.94457063848244
273.0,49.94787223806262
273.1,49.945233586845426
273.2,49.93901734208811
273.3,49.92881324757218
273.40000000000003,49.92065663722738
273.5,49.923979552969115
273.6,49.921970355456
273.7,49.91522911890088
273.8,49.91214964444068
273.90000000000003,49.92163242144628
274.0,49.91969962803136
274.1,49.91625442567675
274.2,49.924437341435166
274.3,49.92724762163596
274.40000000000003,49.92753874959133
274.5,49.92391660896699
274.6,49.91464536817356
274.7,49.9077122546654
274.8,49.90495485282435
274.90000000000003,49.903776813056496
275.0,49.906060430113826
275.1,49.90950632153512
275.2,49.910962481352705
275.3,49.91239683797822
275.40000000000003,49.90645697864747
275.5,49.893663991187076
275.6,49.89073879653253
275.7,49.88522913970253
275.8,49.88155671609997
275.90000000000003,49.88017164288128
276.0,49.872979725913154
276.1,49.86662289702081
276.2,49.86635956007297
276.3,49.86739461207684
276.40000000000003,49.8637944218512
276.5,49.86713847758171
276.6,49.86615991836434
276.7,49.86038404480342
276.8,49.861001455350255
276.90000000000003,49.872666417650905
277.0,49.86892955683098
277.1,49.87625831550997
277.2,49.88482078586537
277.3,49.8940632958277
277.40000000000003,49.8893353923592
277.5,49.901659676000804
277.6,49.90252872641126
277.7,49.90117313551448
277.8,49.89996550176763
277.90000000000003,49.90375596727533
278.0,49.904225335883474
278.1,49.90332474295407
278.2,49.91119209627133
278.3,49.90698253211966
278.40000000000003,49.90087225617979
278.5,49.905810552850625
278.6,49.91018763790943
278.7,49.916885643777626
278.8,49.91055362027655
278.90000000000003,49.91717532776369
279.0,49.92016822859366
279.1,49.9308300114001
279.2,49.923373827662815
279.3,49.92475461297799
279.40000000000003,49.923154166971884
279.5,49.913689050528525
279.6,49.90952104505287
279.7,49.916426108767595
279.8,49.91372101395323
279.90000000000003,49.909508138316745
280.0,49.914861988724695
280.1,49.92091328076226
280.2,49.926922272351675
280.3,49.922242866500405
280.40000000000003,49.921977476040524
280.5,49.92824592967005
280.6,49.924363390352006
280.7,49.91994098956235
280.8,49.92500658690299
280.90000000000003,49.93445206295376
281.0,49.92756427654668
281.1,49.91203847175209
281.2,49.90347431165763
281.3,49.897580659385554
281.40000000000003,49.89696563206616
281.5,49.900875336674495
281.6,49.900191890911046
281.7,49.896189332089875
281.8,49.89732954013053
281.90000000000003,49.89177309651976
282.0,49.89173464079015
282.1,49.88812898498474
282.2,49.904473322891754
282.3,49.90955509634274
282.40000000000003,49.90470114662784
282.5,49.89890044102264
282.6,49.896481767170556
282.7,49.88683549668002
282.8,49.882724232096955
282.90000000000003,49.87858761769485
283.0,49.88420509217972
283.1,49.88193181142157
283.2,49.87748671162722
283.3,49.869764803526046
283.40000000000003,49.86306495442813
283.5,49.86306078448957
283.6,49.86216448119307
283.7,49.86936942710305
283.8,49.8659585373539
283.90000000000003,49.87269507313318
284.0,49.87458605928198
284.1,49.87489749859736
284.2,49.8631858485636
284.3,49.85584271173629
284.40000000000003,49.86072569053538
284.5,49.86952307738526
284.6,49.871128727067436
284.7,49.87606329487623
284.8,49.87395216763032
284.90000000000003,49.872070297042484
285.0,49.86844863857574
285.1,49.874671528921056
285.2,49.87707236787865
285.3,49.87599987301966
285.40000000000003,49.874367878748814
285.5,49.87805389457746
285.6,49.88032160831525
285.7,49.875647505886256
285.8,49.88628540770795
285.90000000000003,49.888116844182576
286.0,49.88846028970753
286.1,49.89760332177739
286.2,49.90398149020994
286.3,49.90365632747228
286.40000000000003,49.90707696482537
286.5,49.90084517921458
286.6,49.89721982545183
286.7,49.883896127049994
286.8,49.89152369693317
286.90000000000003,49.88040091628713
287.0,49.88481232713007
287.1,49.88013042485275
287.2,49.874582620540366
287.3,49.873766653963685
287.40000000000003,49.875723879952325
287.5,49.879745939252594
287.6,49.89070549238058
287.7,49.89313259411485
287.8,49.898683499554515
287.90000000000003,49.895328994860186
288.0,49.89986497450397
288.1,49.90101600802342
288.2,49.8984630170166
288.3,49.89812646793027
288.40000000000003,49.89799559376102
288.5,49.89938486623853
288.6,49.90202926931588
288.7,49.89919920574205
288.8,49.894992437964845
288.90000000000003,49.89973661738587
289.0,49.88979338278423
289.1,49.88637037221839
289.2,49.895989863158825
289.3,49.88000280515444
289.40000000000003,49.876180995965434
289.5,49.88066336306152
289.6,49.87109551280163
289.7,49.887066719060115
289.8,49.87183923166303
289.90000000000003,49.88083809574707
290.0,49.89051709213047
290.1,49.89630219393933
290.2,49.89523117629421
290.3,49.8976385293471
290.40000000000003,49.892507709317904
290.5,49.89764242220529
290.6,49.89117675490239
290.7,49.88981979189174
290.8,49.89609078234368
290.90000000000003,49.88966753338047
291.0,49.88777703470121
291.1,49.889067616033394
291.2,49.88131585198172
291.3,49.888640237576965
291.40000000000003,49.89098683590133
291.5,49.882183941231965
291.6,49.88223720969914
291.7,49.87792043863507
291.8,49.874332336927374
291.90000000000003,49.87516841387641
292.0,49.87128211699938
292.1,49.87746088701818
292.2,49.873594161799346
292.3,49.87986539920707
292.40000000000003,49.879952882661875
292.5,49.88543751494032
292.6,49.88251252065596
292.7,49.879818871592946
292.8,49.87325601802365
292.90000000000003,49.87710905798647
293.0,49.883102145242276
293.1,49.89615404013765
293.2,49.90416912182321
293.3,49.90590005891317
293.40000000000003,49.90485824527396
293.5,49.90742009534204
293.6,49.907470898651034
293.7,49.9164691423114
293.8,49.92230560802844
293.90000000000003,49.917429068523305
294.0,49.91347210237666
294.1,49.921864802077856
294.2,49.92386073338155
294.3,49.92260805420417
294.40000000000003,49.929870614813325
294.5,49.92765368463383
294.6,49.9260951537635
294.7,49.92345644170996
294.8,49.91182831910149
294.90000000000003,49.91721431509509
295.0,49.91013373275925
295.1,49.90693130344024
295.2,49.90269421029593
295.3,49.90730387586904
295.40000000000003,49.907117450485224
295.5,49.90743635024584
295.6,49.89758479379883
295.7,49.897335027304756
295.8,49.88875352837105
295.90000000000003,49.890916511885194
296.0,49.89342623019194
296.1,49.893619070117275
296.2,49.906174585267465
296.3,49.909575225971594
296.40000000000003,49.91336782614413
296.5,49.91442077683968
296.6,49.91345843600977
296.7,49.919453354063606
296.8,49.926231873721655
296.90000000000003,49.918561229223556
297.0,49.92506322496134
297.1,49.92828909886858
297.2,49.934180490563314
297.3,49.937075682832045
297.40000000000003,49.92969409275978
297.5,49.922777914272814
297.6,49.933881741920786
297.7,49.935497433191756
297.8,49.927087351916434
297.90000000000003,49.9293120274637
298.0,49.92726442682833
298.1,49.91633970226219
298.2,49.902789335571555
298.3,49.89343222849547
298.40000000000003,49.895369040660825
298.5,49.89537735785601
298.6,49.89417948865636
298.7,49.896191009267596
298.8,49.90009156168543
298.90000000000003,49.887751159288875
299.0,49.8862809709697
299.1,49.88165792668025
299.2,49.874626688922376
299.3,49.87174694220481
299.40000000000003,49.87142794133498
299.5,49.870250000729925
299.6,49.861948455481155
299.7,49.85951789492843
299.8,49.87209375117847
299.90000000000003,49.8661847706766
300.0,49.85651047460131
300.1,49.858658925011255
300.2,49.86272531982262
300.3,49.865976244801324
300.40000000000003,49.85970871121089
300.5,49.86617975532904
300.6,49.861918246209946
300.7,49.85558114310059
300.8,49.85243448254543
300.90000000000003,49.85230258023885
301.0,49.85710845129532
301.1,49.861349097021815
301.2,49.86169091397653
301.3,49.867763811243016
301.40000000000003,49.868698207965366
301.5,49.87451525792317
301.6,49.86650446507795
301.7,49.857512253050714
301.8,49.86266472616456
301.90000000000003,49.85479697640609
302.0,49.853500301125784
302.1,49.85343096357483
302.2,49.851023239249706
302.3,49.848834676225664
302.40000000000003,49.85773410601923
302.5,49.84305602364075
302.6,49.84893253524416
302.7,49.863247808661264
302.8,49.86386233055483
302.90000000000003,49.86421877465416
303.0,49.869045860446676
303.1,49.88046406306352
303.2,49.873724102930275
303.3,49.87467262091335
303.40000000000003,49.873973309195
303.5,49.877751428305
303.6,49.87910983621785
303.7,49.883464596910265
303.8,49.881310214739706
303.90000000000003,49.88199075865572
304.0,49.87835217721232
304.1,49.87476844393871
304.2,49.87433947673883
304.3,49.87391017684595
304.40000000000003,49.86730052271608
304.5,49.87717951130259
304.6,49.87677859127643
304.7,49.86888831639355
304.8,49.87594924503046
304.90000000000003,49.87187630399193
305.0,49.87536345147021
305.1,49.875681711659304
305.2,49.87760451752236
305.3,49.87904047570139
305.40000000000003,49.87599245753821
305.5,49.87665669992048
305.6,49.889270831198886
305.7,49.876198039379624
305.8,49.877012323620804
305.90000000000003,49.88003701647175
306.0,49.87412340120143
306.1,49.86633122756178
306.2,49.879753930705704
306.3,49.87792733407194
306.40000000000003,49.89081319486112
306.5,49.89437556575219
306.6,49.89516272125248
306.7,49.89834524709919
306.8,49.90246639878235
306.90000000000003,49.9098351716922
307.0,49.91270439224106
307.1,49.91381236260391
307.20000000000005,49.91510518113195
307.3,49.92344561653428
307.40000000000003,49.92853500487302
307.5,49.922685332547985
307.6,49.919063589630426
307.70000000000005,49.921258545124545
307.8,49.9177208283745
307.90000000000003,49.91567972893458
308.0,49.9101725619712
308.1,49.908858912992294
308.20000000000005,49.91166377653688
308.3,49.91788414036665
308.40000000000003,49.91815813858011
308.5,49.930824800968566
308.6,49.93052086868887
308.70000000000005,49.949837793947204
308.8,49.95590782625963
308.90000000000003,49.958918248020886
309.0,49.95593939824329
309.1,49.939022996954805
309.20000000000005,49.93820766808853
309.3,49.93939683075273
309.40000000000003,49.951045771985925
309.5,49.94282356637141
309.6,49.95435660114182
309.70000000000005,49.95288949947304
309.8,49.95728185384344
309.90000000000003,49.94206913898313
310.0,49.94300606026462
310.1,49.94104203359312
310.20000000000005,49.94524510658721
310.3,49.94588024971218
310.40000000000003,49.939111737380124
310.5,49.94491274035978
310.6,49.94917089361959
310.70000000000005,49.95282090102296
310.8,49.95892584904104
310.90000000000003,49.96555289193716
311.0,49.96541043158976
311.1,49.95725391484221
311.20000000000005,49.94897465749363
311.3,49.95714538257117
311.40000000000003,49.961439735848884
311.5,49.962062412897765
311.6,49.959462214525814
311.70000000000005,49.95967255233989
311.8,49.959841563708245
311.90000000000003,49.9578407145886
312.0,49.953676573954716
312.1,49.96671360576159
312.20000000000005,49.96807121148482
312.3,49.96441614196266
312.40000000000003,49.956602105179094
312.5,49.952285645437776
312.6,49.95666358746114
312.70000000000005,49.96125188126675
312.8,49.959957107590945
312.90000000000003,49.96028949029177
313.0,49.95847992867415
313.1,49.951863007973124
313.20000000000005,49.9597366027027
313.3,49.96199681898363
313.40000000000003,49.97686834844825
313.5,49.97227066114141
313.6,49.97140807741329
313.70000000000005,49.97667312126404
313.8,49.9751437428706
313.90000000000003,49.96676670173098
314.0,49.96106478991034
314.1,49.96168939696562
314.20000000000005,49.96376687527187
314.3,49.96320642047618
314.40000000000003,49.969237600390414
314.5,49.97517459617697
314.6,49.97706227737062
314.70000000000005,49.9771654850213
314.8,49.975589759062046
314.90000000000003,49.97884570380958
315.0,49.98429726038399
315.1,49.98456771896015
315.20000000000005,49.987173471656774
315.3,49.985120612521264
315.40000000000003,49.9765548842497
315.5,49.970495840478705
315.6,49.97506769805326
315.70000000000005,49.97770440192807
315.8,49.98718746928124
315.90000000000003,49.98741871242481
316.0,49.99250113332106
316.1,50.000307882914086
316.20000000000005,50.00610447934056
316.3,50.002254390824014
316.40000000000003,50.00096771970418
316.5,50.0015737931185
316.6,49.99548326689365
316.70000000000005,49.99818441537509
316.8,50.00417053639976
316.90000000000003,50.00109794429906
317.0,50.012761447347735
317.1,50.01078724087751
317.20000000000005,50.009349777807984
317.3,50.00770785290526
317.40000000000003,50.00325442998926
317.5,50.00558035461181
317.6,50.00550793062919
317.70000000000005,50.01528421885696
317.8,50.0186875278581
317.90000000000003,50.0216563709963
318.0,50.02005527877034
318.1,50.01130629520672
318.20000000000005,50.01054970441399
318.3,50.00523243682408
318.40000000000003,50.01075483788107
318.5,50.01035618060374
318.6,50.02013690120555
318.70000000000005,50.02428639265231
318.8,50.02901675976265
318.90000000000003,50.03009447099192
319.0,50.03103515314292
319.1,50.03463900298905
319.20000000000005,50.03984147674729
319.3,50.03521877067914
319.40000000000003,50.03783655035192
319.5,50.053214346531014
319.6,50.052250855914245
319.70000000000005,50.05029732766176
319.8,50.045732272745475
319.90000000000003,50.0366537417183
320.0,50.04344557117629
320.1,50.043436178914995
320.20000000000005,50.04485906975131
320.3,50.05554634875312
320.40000000000003,50.070166583368625
320.5,50.064327567565094
320.6,50.07017663471591
320.70000000000005,50.0734124389373
320.8,50.07528680614179
320.90000000000003,50.07763437967012
321.0,50.07696137542674
321.1,50.08596892125543
321.20000000000005,50.08908387949297
321.3,50.09056580961843
321.40000000000003,50.097454954482444
321.5,50.10220783997705
321.6,50.10431950339001
321.70000000000005,50.10562143595981
321.8,50.11549050781659
321.90000000000003,50.11783358220048
322.0,50.11656924158073
322.1,50.11070752558207
322.20000000000005,50.10795423987979
322.3,50.10098079363689
322.40000000000003,50.10098662003722
322.5,50.10188894441467
322.6,50.08894050363316
322.70000000000005,50.08847124073474
322.8,50.09178933504096
322.90000000000003,50.092195360093115
323.0,50.0858721932693
323.1,50.09292113089131
323.20000000000005,50.08814409716174
323.3,50.08019913392191
323.40000000000003,50.073179593784424
323.5,50.07259250923639
323.6,50.07799284965206
323.70000000000005,50.08446199288802
323.8,50.08516356220777
323.90000000000003,50.07744106192282
324.0,50.07297773959516
324.1,50.06709044996954
324.20000000000005,50.06554828696255
324.3,50.05443902735196
324.40000000000003,50.054696299895845
324.5,50.05815529685005
324.6,50.056831976740426
324.70000000000005,50.05916987315156
324.8,50.05310328494456
324.90000000000003,50.04396999944597
325.0,50.03978848197348
325.1,50.04639256410154
325.20000000000005,50.05220094377612
325.3,50.049059324254635
325.40000000000003,50.05589718754447
325.5,50.053528828114274
325.6,50.06219308794652
325.70000000000005,50.06463839331369
325.8,50.06146401738735
325.90000000000003,50.06578894827535
326.0,50.06067234367567
326.1,50.054614557077436
326.20000000000005,50.045495463864015
326.3,50.04667704509682
326.40000000000003,50.0459824931124
326.5,50.04514792542146
326.6,50.04232133377667
326.70000000000005,50.050595531985714
326.8,50.0476596510389
326.90000000000003,50.04293984583448
327.0,50.05006102303529
327.1,50.05819785754247
327.20000000000005,50.05979969205089
327.3,50.04892043157356
327.40000000000003,50.044937701555526
327.5,50.04825080293344
327.6,50.04797649348557
327.70000000000005,50.05692190013242
327.8,50.048296870848986
327.90000000000003,50.051986971101165
328.0,50.04782636641826
328.1,50.05538724341804
328.20000000000005,50.054521595954284
328.3,50.060295083126896
328.40000000000003,50.05597088299026
328.5,50.04709671456098
328.6,50.04006184000525
328.70000000000005,50.036084472382605
328.8,50.029618531927454
328.90000000000003,50.036536798561926
329.0,50.044251395749235
329.1,50.04553246286916
329.20000000000005,50.03896390166953
329.3,50.03792335529346
329.40000000000003,50.03348260935136
329.5,50.04190459164935
329.6,50.043455903251385
329.70000000000005,50.04604064097173
329.8,50.04327796120013
329.90000000000003,50.03085948768377
330.0,50.02594445347282
330.1,50.018981230490624
330.20000000000005,50.02097436817739
330.3,50.02131547529928
330.40000000000003,50.01626609336173
330.5,50.01372029028739
330.6,50.02291795130761
330.70000000000005,50.01691492596612
330.8,50.01119046933067
330.90000000000003,50.009632526562726
331.0,50.00525782536053
331.1,50.00252755444611
331.20000000000005,50.00557233022875
331.3,50.01580675339364
331.40000000000003,50.0049199143811
331.5,50.004655224789815
331.6,50.00475017341505
331.70000000000005,50.00409264067689
331.8,50.002819539318125
331.90000000000003,50.000633462902066
332.0,50.00652591258189
332.1,50.003573133066695
332.20000000000005,50.002662262984046
332.3,50.00251937585232
332.40000000000003,50.003023073280296
332.5,50.00185431036295
332.6,50.00771226334714
332.70000000000005,50.007493591861206
332.8,50.00837266504441
332.90000000000003,50.00789447149227
333.0,50.001709453808296
333.1,49.9965939164794
333.20000000000005,49.99018392934043
333.3,49.991262137779586
333.40000000000003,49.98689831442431
333.5,49.980469153957884
333.6,49.98186931241766
333.70000000000005,49.98498423506658
333.8,49.974368747379806
333.90000000000003,49.98450943851682
334.0,49.984655285048404
334.1,49.98397592010016
334.20000000000005,49.99033181551673
334.3,49.9906743625828
334.40000000000003,49.98697337643904
334.5,50.000081702421035
334.6,49.99351087275255
334.70000000000005,49.99283375332225
334.8,49.99782911949296
334.90000000000003,49.99129867329921
335.0,49.99060678991847
335.1,49.99285012845763
335.20000000000005,50.00717294969745
335.3,50.00165769427021
335.40000000000003,50.001241032609286
335.5,50.00506487064627
335.6,50.005403822332056
335.70000000000005,49.99803792657042
335.8,50.00037492063904
335.90000000000003,50.00089695807913
336.0,50.00344507504282
336.1,50.01009566272061
336.20000000000005,50.0160035804369
336.3,50.01824955572173
336.40000000000003,50.01990144476356
336.5,50.01309092744507
336.6,50.012099604193324
336.70000000000005,50.013241255886584
336.8,50.01064937770203
336.90000000000003,50.01106240188581
337.0,50.005935987899136
337.1,50.01499328236506
337.20000000000005,50.0277120053437
337.3,50.025117580303764
337.40000000000003,50.02727575291547
337.5,50.02561622505189
337.6,50.03294731365231
337.70000000000005,50.035274758348756
337.8,50.03544478169161
337.90000000000003,50.033808171694325
338.0,50.034278682368715
338.1,50.02798804832476
338.20000000000005,50.031784480537716
338.3,50.027224960742934
338.40000000000003,50.03018169348002
338.5,50.03069235600277
338.6,50.03699250671219
338.70000000000005,50.036589734193804
338.8,50.04242955134869
338.90000000000003,50.0365678197164
339.0,50.039926373718544
339.1,50.038267079475894
339.20000000000005,50.03912615990641
339.3,50.03924632602815
339.40000000000003,50.044553331874646
339.5,50.03209857164145
339.6,50.033762441041965
339.70000000000005,50.02451269885516
339.8,50.03151728797023
339.90000000000003,50.0194096833878
340.0,50.013176574399786
340.1,50.00295423546407
340.20000000000005,50.01266188828381
340.3,50.00475178327234
340.40000000000003,50.00529889479791
340.5,50.00194521535517
340.6,49.99102467303351
340.70000000000005,49.988933766793274
340.8,49.99285364116213
340.90000000000003,49.9916720810306
341.0,49.9972487045572
341.1,49.99497960207705
341.20000000000005,49.99493472983705
341.3,49.992540323723716
341.40000000000003,49.99452827676157
341.5,50.00583853542159
341.6,50.00787239965802
341.70000000000005,50.00888948244392
341.8,50.00502452778715
341.90000000000003,50.00035668679564
342.0,50.00902966600971
342.1,50.00220161640841
342.20000000000005,49.99660246898335
342.3,49.99592564342425
342.40000000000003,49.99327922804217
342.5,50.00494122303483
342.6,49.99061056326487
342.70000000000005,49.992717301897095
342.8,49.99692177728308
342.90000000000003,49.99010618626415
343.0,49.986180351816195
343.1,49.98873744867784
343.20000000000005,49.998463358151305
343.3,49.992840658227664
343.40000000000003,49.98329399716842
343.5,49.989105398846654
343.6,49.99819556368366
343.70000000000005,49.99608780639434
343.8,49.982718234291
343.90000000000003,49.99140959471983
344.0,49.990155306108804
344.1,49.99684203755463
344.20000000000005,49.99649123079934
344.3,49.99414936603265
344.40000000000003,49.99136178948038
344.5,50.000140472484084
344.6,50.0086414747841
344.70000000000005,49.99566634155121
344.8,49.989965826378324
344.90000000000003,50.00057399091378
345.0,49.998263054921644
345.1,49.990004767608866
345.20000000000005,49.989977579986544
345.3,49.989273706214526
345.40000000000003,49.98863965521396
345.5,49.98571563992461
345.6,49.983823332298016
345.70000000000005,49.98106567361378
345.8,49.98306086131784
345.90000000000003,49.978166365396646
346.0,49.97643508647862
346.1,49.97558605720076
346.20000000000005,49.983440332422724
346.3,49.98566152789297
346.40000000000003,49.98497311887489
346.5,49.98816365109807
346.6,49.99055798196627
346.70000000000005,49.997030809725096
346.8,49.99998351232522
346.90000000000003,50.01064600487492
347.0,50.018559591349735
347.1,50.01812006716216
347.20000000000005,50.01544185892237
347.3,50.02055960153942
347.40000000000003,50.02345636228216
347.5,50.022671618117876
347.6,50.01359666888945
347.70000000000005,50.00243472687368
347.8,50.00441255498048
347.90000000000003,50.00891616201311
348.0,50.01359297581203
348.1,50.0057029272947
348.20000000000005,50.01179958760634
348.3,50.00843692234459
348.40000000000003,50.01062670783521
348.5,50.012975327643986
348.6,50.007997301347196
348.70000000000005,50.004311297083476
348.8,49.99175351998526
348.90000000000003,49.9861965679951
349.0,49.97535275445062
349.1,49.978002717612725
349.20000000000005,49.97838395189112
349.3,49.983879252870565
349.40000000000003,49.9860021800025
349.5,49.982166854215386
349.6,49.98423661891002
349.70000000000005,49.98187643858246
349.8,49.98552514059323
349.90000000000003,49.98739362708778
350.0,49.98142925406046
350.1,49.981439496556135
350.20000000000005,49.98176865718506
350.3,49.979918061294306
350.40000000000003,49.9852925825648
350.5,49.99554925592465
350.6,49.993270096718305
350.70000000000005,49.99110470290707
350.8,49.97756610585174
350.90000000000003,49.97681022210064
351.0,49.974214695438306
351.1,49.96128232489297
351.20000000000005,49.96311281000709
351.3,49.96674941655397
351.40000000000003,49.96241727680029
351.5,49.96027592031657
351.6,49.95458219757781
351.70000000000005,49.95929125468431
351.8,49.9502970051506
351.90000000000003,49.94857297815692
352.0,49.960443726875546
352.1,49.96085837101808
352.20000000000005,49.96376915975824
352.3,49.96297803273916
352.40000000000003,49.95602438471565
352.5,49.95595618595245
352.6,49.958523351251074
352.70000000000005,49.95250314185929
352.8,49.95469871962737
352.90000000000003,49.962303248706746
353.0,49.96881858364183
353.1,49.95938688583151
353.20000000000005,49.95364729241792
353.3,49.94410615008189
353.40000000000003,49.95072187188541
353.5,49.95453971095241
353.6,49.95889547883724
353.70000000000005,49.95374067318792
353.8,49.94688189789483
353.90000000000003,49.94751900862952
354.0,49.948297539100246
354.1,49.94334090402599
354.20000000000005,49.944387777159044
354.3,49.948443917923775
354.40000000000003,49.949980613109005
354.5,49.94390540143604
354.6,49.931421018334525
354.70000000000005,49.930121898450416
354.8,49.93136883108268
354.90000000000003,49.930063044307175
355.0,49.92775433572442
355.1,49.92387874735726
355.20000000000005,49.92846518296698
355.3,49.928420756801884
355.40000000000003,49.929430270587474
355.5,49.9238664176879
355.6,49.92043714154294
355.70000000000005,49.921730474755385
355.8,49.91600219224322
355.90000000000003,49.90877940939194
356.0,49.90717377314027
356.1,49.914757040316694
356.20000000000005,49.916242421552255
356.3,49.92533240638169
356.40000000000003,49.92483035219507
356.5,49.92325969567768
356.6,49.91520400370135
356.70000000000005,49.91208481037751
356.8,49.92104980564569
356.90000000000003,49.92332431783578
357.0,49.92802102489196
357.1,49.93252625100376
357.20000000000005,49.93272123332684
357.3,49.9317438191969
357.40000000000003,49.9327153709982
357.5,49.93699491741129
357.6,49.93997259186119
357.70000000000005,49.94314015472477
357.8,49.94426505211788
357.90000000000003,49.93983999678718
358.0,49.938487237814705
358.1,49.93306223656552
358.20000000000005,49.93934116560106
358.3,49.92694862868805
358.40000000000003,49.925923273635924
358.5,49.94053363699445
358.6,49.93869861072353
358.70000000000005,49.93211339762375
358.8,49.93226222710068
358.90000000000003,49.94025443808178
359.0,49.93950786509515
359.1,49.943407957833365
359.20000000000005,49.94420831255747
359.3,49.9421678462943
359.40000000000003,49.96127668476642
359.5,49.96181529233778
359.6,49.9587014930174
359.70000000000005,49.95588644533124
359.8,49.95830895580653
359.90000000000003,49.96089134686968
360.0,49.965637726753805
360.1,49.9665753045338
360.20000000000005,49.95807175625746
360.3,49.96139210131552
360.40000000000003,49.9596506674679
360.5,49.95805525421793
360.6,49.949287090480446
360.70000000000005,49.94601921573566
360.8,49.94184793322992
360.90000000000003,49.941839886848136
361.0,49.93333028274119
361.1,49.93388781172731
361.20000000000005,49.934884764075704
361.3,49.928412241204484
361.40000000000003,49.92494288223627
361.5,49.92009361903522
361.6,49.925859742421515
361.70000000000005,49.91098189655945
361.8,49.909288205581205
361.90000000000003,49.89969990305725
362.0,49.89753280403027
362.1,49.90304714594581
362.20000000000005,49.899669934079874
362.3,49.900923738008004
362.40000000000003,49.896272422590286
362.5,49.90835003822607
362.6,49.914209677869714
362.70000000000005,49.92132411919845
362.8,49.9136708807128
362.90000000000003,49.907418652914906
363.0,49.91428283365894
363.1,49.913468067807145
363.20000000000005,49.91227618102572
363.3,49.91464061410957
363.40000000000003,49.90745959108292
363.5,49.91248286423996
363.6,49.91295389127997
363.70000000000005,49.916188187679865
363.8,49.91250731480279
363.90000000000003,49.91594803654255
364.0,49.91206301248809
364.1,49.91815311346335
364.20000000000005,49.925264483815525
364.3,49.931033860033104
364.40000000000003,49.93440198357544
364.5,49.93845750774286
364.6,49.922454417892446
364.70000000000005,49.927776338388526
364.8,49.926418229968405
364.90000000000003,49.927280946086874
365.0,49.92586756647937
365.1,49.91781679300184
365.20000000000005,49.9149214195237
365.3,49.919223656091305
365.40000000000003,49.928057513933915
365.5,49.92460557501305
365.6,49.91948472386236
365.70000000000005,49.928524002815934
365.8,49.92351221890529
365.90000000000003,49.93626284825819
366.0,49.936811923161336
366.1,49.93175402902635
366.20000000000005,49.93792802641257
366.3,49.948325343362235
366.40000000000003,49.9399022167492
366.5,49.94948358546218
366.6,49.94797496504257
366.70000000000005,49.95708041743143
366.8,49.95493969956864
366.90000000000003,49.94562943372052
367.0,49.94884080140283
367.1,49.954583898546126
367.20000000000005,49.96731470894301
367.3,49.97774779449615
367.40000000000003,49.98195870037708
367.5,49.98055097515959
367.6,49.977452741956235
367.70000000000005,49.97572479121127
367.8,49.970789243515554
367.90000000000003,49.969216773520444
368.0,49.95403243210284
368.1,49.95526450372099
368.20000000000005,49.95524371418147
368.3,49.970792003514816
368.40000000000003,49.975419868812544
368.5,49.97259094502839
368.6,49.97604601102938
368.70000000000005,49.96874091586267
368.8,49.965210908448405
368.90000000000003,49.954109251057396
369.0,49.962886343996615
369.1,49.966562150588025
369.20000000000005,49.95960614890138
369.3,49.95937562344741
369.40000000000003,49.96520790114503
369.5,49.96828317541442
369.6,49.970666199510966
369.70000000000005,49.96559670843373
369.8,49.961876262378595
369.90000000000003,49.96256891815965
370.0,49.968208844344275
370.1,49.96332595100657
370.20000000000005,49.956712387574605
370.3,49.96372458581182
370.40000000000003,49.95825578347802
370.5,49.964859283116205
370.6,49.966425237768
370.70000000000005,49.97181143078581
370.8,49.98235080323751
370.90000000000003,49.986503291907084
371.0,49.99115934105145
371.1,49.98562902045241
371.20000000000005,49.981462360546715
371.3,49.98535143940882
371.40000000000003,49.994563070742984
371.5,50.00287580327104
371.6,50.01669446404421
371.70000000000005,50.01840949498265
371.8,50.019467419987826
371.90000000000003,50.02534067507135
372.0,50.02526094592922
372.1,50.02469343377259
372.20000000000005,50.01821949051182
372.3,50.0240095376234
372.40000000000003,50.01739143721451
372.5,50.020312084505356
372.6,50.01162963238639
372.70000000000005,50.01808376731648
372.8,50.01175487442365
372.90000000000003,50.01669147529574
373.0,50.007006596382766
373.1,50.00426736734819
373.20000000000005,50.011250911873596
373.3,50.006297501100136
373.40000000000003,50.00660418554419
373.5,50.003635712723224
373.6,49.98969619448335
373.70000000000005,49.991531417927966
373.8,49.99410276943987
373.90000000000003,49.9874211872224
374.0,49.99086187145377
374.1,49.986069170983065
374.20000000000005,49.98005433035603
374.3,49.980131173227385
374.40000000000003,49.97607812750852
374.5,49.989888544723826
374.6,49.98054588466836
374.70000000000005,49.98501021383367
374.8,49.990955131003425
374.90000000000003,49.979061358698374
375.0,49.96870788274806
375.1,49.97217552967543
375.20000000000005,49.96936252758032
375.3,49.97175414321921
375.40000000000003,49.97866921090614
375.5,49.97648023626134
375.6,49.97015140605501
375.70000000000005,49.95386147226173
375.8,49.95525733666139
375.90000000000003,49.94984703365459
376.0,49.95191589152889
376.1,49.95348393122391
376.20000000000005,49.945347693137435
376.3,49.95590230159458
376.40000000000003,49.96256053456849
376.5,49.967775657811096
376.6,49.960768342409985
376.70000000000005,49.95845842196081
376.8,49.95532315808583
376.90000000000003,49.95299668699719
377.0,49.94642586682551
377.1,49.94924053111931
377.20000000000005,49.95080874293469
377.3,49.95318604719716
377.40000000000003,49.95032363455131
377.5,49.9582574434224
377.6,49.95953202353408
377.70000000000005,49.94324696225205
377.8,49.939629664690656
377.90000000000003,49.93952922543829
378.0,49.94556335566625
378.1,49.94397114654681
378.20000000000005,49.942690798727924
378.3,49.938940568376076
378.40000000000003,49.94317940644952
378.5,49.94071830667168
378.6,49.93733443355076
378.70000000000005,49.93313534492041
378.8,49.93674977517226
378.90000000000003,49.93380889535542
379.0,49.92402528195653
379.1,49.92808201038736
379.20000000000005,49.92417459597964
379.3,49.92663685029444
379.40000000000003,49.92918758595743
379.5,49.93670459677207
379.6,49.943229660936005
379.70000000000005,49.940004837236266
379.8,49.93924810516472
379.90000000000003,49.931751125071294
380.0,49.9420981593578
380.1,49.94497932274806
380.20000000000005,49.95356292613403
380.3,49.9518232186772
380.40000000000003,49.939711416740685
380.5,49.949145412605226
380.6,49.94990076432355
380.70000000000005,49.950892840216774
380.8,49.951413719904174
380.90000000000003,49.95546735658947
381.0,49.958831575542895
381.1,49.94943704971545
381.20000000000005,49.95615417172335
381.3,49.953142719950186
381.40000000000003,49.95051785446052
381.5,49.96107306872781
381.6,49.96673438064859
381.70000000000005,49.964815015423454
381.8,49.95379610171912
381.90000000000003,49.9549405531159
382.0,49.958341487471166
382.1,49.95801036292198
382.20000000000005,49.95068796628729
382.3,49.94613438163995
382.40000000000003,49.93881645935592
382.5,49.94035892564466
382.6,49.94551789509798
382.70000000000005,49.95188705467198
382.8,49.947678699905424
382.90000000000003,49.94929499846004
383.0,49.95281757494119
383.1,49.949931317149
383.20000000000005,49.949235433214604
383.3,49.96217736319513
383.40000000000003,49.96354221505832
383.5,49.96896734971468
383.6,49.96645869087603
383.70000000000005,49.966822216979025
383.8,49.9566474984816
383.90000000000003,49.95665929910591
384.0,49.963975218257985
384.1,49.976694372166854
384.20000000000005,49.98393647552896
384.3,49.988083748277006
384.40000000000003,49.98840702520137
384.5,49.98481117504511
384.6,49.98387157969032
384.70000000000005,49.987575417399086
384.8,49.982872951779555
384.90000000000003,49.988503695639864
385.0,49.982602928879544
385.1,49.971960987838
385.20000000000005,49.96597521483195
385.3,49.95609976992003
385.40000000000003,49.948032060200646
385.5,49.9550315926373
385.6,49.954002504089594
385.70000000000005,49.9554910421878
385.8,49.96260942549506
385.90000000000003,49.97029823361276
386.0,49.96736650147634
386.1,49.975448477533725
386.20000000000005,49.977826329968174
386.3,49.977904753466724
386.40000000000003,49.98061550617281
386.5,49.97210643899956
386.6,49.96747715692662
386.70000000000005,49.966938860350886
386.8,49.97071044240779
386.90000000000003,49.968572821012366
387.0,49.96791424787308
387.1,49.97383957396722
387.20000000000005,49.98238896172048
387.3,49.98702827704618
387.40000000000003,49.9946522157592
387.5,49.992201429004076
387.6,49.990350530279834
387.70000000000005,49.99225770376752
387.8,49.99043887118677
387.90000000000003,49.98739287375792
388.0,49.99731783502588
388.1,49.99607330476703
388.20000000000005,49.9902460826242
388.3,49.99316855122402
388.40000000000003,50.004166875735784
388.5,50.00458037859499
388.6,50.011895280919596
388.70000000000005,50.00915836892227
388.8,50.00611442680952
388.90000000000003,50.001894746394775
389.0,50.00097471152523
389.1,50.01193790502436
389.20000000000005,50.00489531275704
389.3,50.01464442064598
389.40000000000003,50.00847074752536
389.5,50.00697584254348
389.6,50.01190611206572
389.70000000000005,50.01557865889408
389.8,50.0171435117118
389.90000000000003,50.007112245369854
390.0,50.00920081855238
390.1,50.00297143795359
390.20000000000005,50.01832092914327
390.3,50.0168997286859
390.40000000000003,50.01789860627647
390.5,50.010880043440785
390.6,50.00790358244031
390.70000000000005,50.00006911270028
390.8,50.00590934577875
390.90000000000003,50.00425942765783
391.0,50.007565639400745
391.1,50.003371912531
391.20000000000005,50.00029990341851
391.3,50.00797927348402
391.40000000000003,50.002061083441255
391.5,49.991194060055115
391.6,49.993627556885215
391.70000000000005,49.9867635259052
391.8,49.984145095724024
391.90000000000003,49.98964613597812
392.0,49.98473867168179
392.1,49.99003810305988
392.20000000000005,49.98595306341808
392.3,49.99491995358128
392.40000000000003,50.002848633384644
392.5,49.99995875816182
392.6,49.99863241452859
392.70000000000005,49.99360053694763
392.8,49.99478552227505
392.90000000000003,50.00165967204316
393.0,49.992923965372256
393.1,49.99841724686296
393.20000000000005,49.99043482920779
393.3,49.985277697777725
393.40000000000003,49.97457853073504
393.5,49.987288832964154
393.6,49.987658197966134
393.70000000000005,49.9891420991771
393.8,49.985093448683685
393.90000000000003,49.99152361180831
394.0,49.978900840493644
394.1,49.97912031288369
394.20000000000005,49.99241912043217
394.3,49.99011883789328
394.40000000000003,49.990225342482574
394.5,49.99426190349173
394.6,49.989376255809645
394.70000000000005,49.98952088738225
394.8,49.99529377183724
394.90000000000003,49.99643824565533
395.0,49.99863664588122
395.1,49.99650160077685
395.20000000000005,49.998367519075664
395.3,49.99866517062101
395.40000000000003,50.00735720443247
395.5,50.01162183075116
395.6,50.01005675082572
395.70000000000005,49.995280787142406
395.8,49.99955398563639
395.90000000000003,50.00404315377727
396.0,49.998476908491284
396.1,49.98644980600986
396.20000000000005,49.97962228135325
396.3,49.98523694321368
396.40000000000003,49.97887778411867
396.5,49.976182032633055
396.6,49.97757934877203
396.70000000000005,49.98499359536699
396.8,49.98491569309076
396.90000000000003,49.984344872750725
397.0,49.98108620713273
397.1,49.990920921062944
397.20000000000005,49.99731831980947
397.3,49.99671736168045
397.40000000000003,49.98831074689585
397.5,49.98358397515569
397.6,49.98709953659894
397.70000000000005,49.982791836661185
397.8,49.98818825113313
397.90000000000003,49.990372869069596
398.0,49.992133792988845
398.1,49.996050744399746
398.20000000000005,49.999019041170534
398.3,49.99384997569844
398.40000000000003,49.99188291206211
398.5,50.00591963177323
398.6,49.99860020314745
398.70000000000005,49.995717312430536
398.8,50.00209036425269
398.90000000000003,50.0010818711223
399.0,49.99616132204008
399.1,49.98819913596609
399.20000000000005,49.99143204157791
399.3,49.99755204030007
399.40000000000003,50.00592151588681
399.5,50.00617258391884
399.6,50.012369662527
399.70000000000005,50.006068252516755
399.8,50.0070041937759
399.90000000000003,50.002863074897725
400.0,50.003850086087205
400.1,50.008293480746694
400.20000000000005,50.014628802709524
400.3,50.00857472296948
400.40000000000003,50.01609534322371
400.5,50.01312718877367
400.6,50.00686586464581
400.70000000000005,50.00576668729057
400.8,49.99692138343155
400.90000000000003,49.99692316017914
401.0,49.99863575211718
401.1,49.99739940406265
401.20000000000005,50.00058851458497
401.3,49.99865667315682
401.40000000000003,49.99864695140351
401.5,49.989969054929084
401.6,49.990234633688914
401.70000000000005,49.985136700733115
401.8,49.982471871780795
401.90000000000003,49.98195703162098
402.0,49.9831527731144
402.1,49.97331674350582
402.20000000000005,49.9640293976371
402.3,49.962357262383954
402.40000000000003,49.965351720593134
402.5,49.96764640611459
402.6,49.97312491893281
402.70000000000005,49.98102588187195
402.8,49.9840595475713
402.90000000000003,49.98398033764181
403.0,49.97783201674636
403.1,49.97222684365437
403.20000000000005,49.96952314623143
403.3,49.97124097561063
403.40000000000003,49.97266977513832
403.5,49.97279254563148
403.6,49.971972969306144
403.70000000000005,49.97585686974422
403.8,49.97718843304022
403.90000000000003,49.979050489934814
404.0,49.980966843530176
404.1,49.97774529987918
404.20000000000005,49.97163266142399
404.3,49.97468244280241
404.40000000000003,49.97727063737962
404.5,49.976025434945704
404.6,49.973612233726875
404.70000000000005,49.98737615274001
404.8,49.98284551781334
404.90000000000003,49.98158758983436
405.0,49.98323433637328
405.1,49.97635447335246
405.20000000000005,49.9771378726982
405.3,49.988000497659385
405.40000000000003,49.99362558754233
405.5,49.99741260827399
405.6,50.000942122831354
405.70000000000005,50.001571270805435
405.8,50.00727590865628
405.90000000000003,50.00626655801462
406.0,50.003660648393584
406.1,50.004216926489846
406.20000000000005,50.009592409513445
406.3,50.011489451676425
406.40000000000003,50.01544175129655
406.5,50.003182402866656
406.6,50.010287473169896
406.70000000000005,50.02424234631217
406.8,50.03209332116095
406.90000000000003,50.029989959230384
407.0,50.02471223593618
407.1,50.02621640815262
407.20000000000005,50.02012648063972
407.3,50.02434294878935
407.40000000000003,50.02103190409364
407.5,50.02665392083917
407.6,50.034656723409014
407.70000000000005,50.02225324498013
407.8,50.023862024582705
407.90000000000003,50.01951646596
408.0,50.01092370362218
408.1,50.007128588027484
408.20000000000005,50.005742962907775
408.3,50.0118800532201
408.40000000000003,50.00265595151584
408.5,50.00891134982036
408.6,50.020939033360555
408.70000000000005,50.02438290758574
408.8,50.02750062362088
408.90000000000003,50.027246627853415
409.0,50.020024256230364
409.1,50.023097261622716
409.20000000000005,50.025250162608735
409.3,50.029477751222586
409.40000000000003,50.04470774600873
409.5,50.048815293749406
409.6,50.05108994747112
409.70000000000005,50.060170604958884
409.8,50.05176303396062
409.90000000000003,50.04461264051223
410.0,50.04210303460724
410.1,50.037927698872174
410.20000000000005,50.041866474287154
410.3,50.03971736695006
410.40000000000003,50.049923313994405
410.5,50.058761371177575
410.6,50.06305303813919
410.70000000000005,50.06038692799089
410.8,50.063751860565944
410.90000000000003,50.068264679187486
411.0,50.061489205695814
411.1,50.063239775655035
411.20000000000005,50.06712565481207
411.3,50.06805426172051
411.40000000000003,50.077106161682124
411.5,50.08397117679063
411.6,50.07856345190062
411.70000000000005,50.07888321116643
411.8,50.07344137870024
411.90000000000003,50.076517304184826
412.0,50.07089768209014
412.1,50.076048971823894
412.20000000000005,50.07796356493818
412.3,50.08336477858636
412.40000000000003,50.08204352752934
412.5,50.0728616877372
412.6,50.08305858380307
412.70000000000005,50.08157412954409
412.8,50.089392705182114
412.90000000000003,50.091493197703436
413.0,50.09504562364853
413.1,50.10551536418097
413.20000000000005,50.10699572896599
413.3,50.1148287236975
413.40000000000003,50.10531526792526
413.5,50.109981989211555
413.6,50.10794750898392
413.70000000000005,50.106570174826686
413.8,50.106056484959275
413.90000000000003,50.10757228324665
414.0,50.11694435779966
414.1,50.10520438542641
414.20000000000005,50.10490968757784
414.3,50.10005335448647
414.40000000000003,50.10651516429164
414.5,50.10341128512527
414.6,50.10560215071713
414.70000000000005,50.10265647349483
414.8,50.10611895357357
414.90000000000003,50.111644643577236
415.0,50.108669539457345
415.1,50.108388217948466
415.20000000000005,50.09929174279556
415.3,50.1005953637921
415.40000000000003,50.10519772938998
415.5,50.10130709911874
415.6,50.10749058208714
415.70000000000005,50.09448116281369
415.8,50.08286869351918
415.90000000000003,50.0740928982753
416.0,50.07078172094478
416.1,50.07050763267414
416.20000000000005,50.069650069371086
416.3,50.068867482512076
416.40000000000003,50.07283286933167
416.5,50.06960430687222
416.6,50.06164320572884
416.70000000000005,50.05384069353523
416.8,50.066215959141765
416.90000000000003,50.05174071319173
417.0,50.05039262192373
417.1,50.05885673654362
417.20000000000005,50.06143133498983
417.3,50.05611558161352
417.40000000000003,50.055816912160886
417.5,50.06069018492433
417.6,50.067604523141384
417.70000000000005,50.06183940145011
417.8,50.06606195340832
417.90000000000003,50.067215698677266
418.0,50.07347515217377
418.1,50.08141942332665
418.20000000000005,50.07892169936482
418.3,50.069798791849024
418.40000000000003,50.07179412540232
418.5,50.082064242910086
418.6,50.08573682488437
418.70000000000005,50.0866585792184
418.8,50.10060107185977
418.90000000000003,50.09382747431064
419.0,50.09874589185414
419.1,50.09479920081859
419.20000000000005,50.09459272571865
419.3,50.09462738907333
419.40000000000003,50.103211887633584
419.5,50.097049611316486
419.6,50.093323753140396
419.70000000000005,50.08326938847313
419.8,50.08574625276089
419.90000000000003,50.08253819681701
420.0,50.08462742411618
420.1,50.07773485807609
420.20000000000005,50.07516009753954
420.3,50.08098813645595
420.40000000000003,50.07950759508024
420.5,50.08283425588956
420.6,50.085560457333756
420.70000000000005,50.0829840815851
420.8,50.073181197413604
420.90000000000003,50.07869825263061
421.0,50.07929961556725
421.1,50.08477345693673
421.20000000000005,50.07224416680966
421.3,50.06192604664046
421.40000000000003,50.048730856757984
421.5,50.043197030373086
421.6,50.049203647034865
421.70000000000005,50.052324531572886
421.8,50.051828984398945
421.90000000000003,50.052328328775054
422.0,50.0566025121474
422.1,50.05447774120329
422.20000000000005,50.05655295812663
422.3,50.05708116067282
422.40000000000003,50.04364478681485
422.5,50.04108892556062
422.6,50.04900740197837
422.70000000000005,50.04635863231138
422.8,50.045239781524415
422.90000000000003,50.04134391176523
423.0,50.03820097275938
423.1,50.04472566185817
423.20000000000005,50.04286518574668
423.3,50.0364908805751
423.40000000000003,50.01761200851692
423.5,50.01405953715621
423.6,50.00216019495851
423.70000000000005,49.99117880022393
423.8,49.99596592467297
423.90000000000003,50.00021014514553
424.0,49.98867786177101
424.1,49.993815439180615
424.20000000000005,49.99657464920476
424.3,49.99186254630536
424.40000000000003,49.996281748172066
424.5,49.98651275878267
424.6,49.97932593797987
424.70000000000005,49.97076354405907
424.8,49.96421311761459
424.90000000000003,49.96963664441486
425.0,49.961759191824186
425.1,49.95501515825573
425.20000000000005,49.949502489906486
425.3,49.95090040237514
425.40000000000003,49.949080422847985
425.5,49.95448179111454
425.6,49.950413998242894
425.70000000000005,49.942898186380766
425.8,49.940131705961356
425.90000000000003,49.94061309459882
426.0,49.93527834070726
426.1,49.93721890144647
426.20000000000005,49.94837395077953
426.3,49.945075822233754
426.40000000000003,49.94554132462517
426.5,49.95384662471054
426.6,49.950103796757844
426.70000000000005,49.94517820012382
426.8,49.9387921964414
426.90000000000003,49.94138330290132
427.0,49.94465465381196
427.1,49.94392573542396
427.20000000000005,49.94433910880379
427.3,49.95213354112902
427.40000000000003,49.9574443495238
427.5,49.949109364740586
427.6,49.94916050964951
427.70000000000005,49.949893443041894
427.8,49.95430545375072
427.90000000000003,49.953028972052905
428.0,49.94922126990564
428.1,49.946550938647775
428.20000000000005,49.935969028708946
428.3,49.93595023622646
428.40000000000003,49.93250034474268
428.5,49.93544190963069
428.6,49.929407298170176
428.70000000000005,49.926939535064754
428.8,49.92122359545625
428.90000000000003,49.9150065867436
429.0,49.919409712897135
429.1,49.91679771845283
429.20000000000005,49.919649025232566
429.3,49.91310104379955
429.40000000000003,49.91387906270355
429.5,49.90393217026788
429.6,49.901295025734406
429.70000000000005,49.89852014285541
429.8,49.90226584578967
429.90000000000003,49.90357260290249
430.0,49.90273931392399
430.1,49.907981226927745
430.20000000000005,49.90931601058432
430.3,49.91271976438451
430.40000000000003,49.917475226886275
430.5,49.91720939563833
430.6,49.915580501838924
430.70000000000005,49.917679156021556
430.8,49.91530451340911
430.90000000000003,49.9177633684425
431.0,49.92452615851139
431.1,49.9297333991215
431.20000000000005,49.92750519840511
431.3,49.919872221931584
431.40000000000003,49.919642471728885
431.5,49.918994247614506
431.6,49.92572728950875
431.70000000000005,49.92350582590764
431.8,49.92233533795214
431.90000000000003,49.92682714289398
432.0,49.92403046460098
432.1,49.92315261436663
432.20000000000005,49.933498944707
432.3,49.942449901286004
432.40000000000003,49.946203388893416
432.5,49.94777465005155
432.6,49.94192620752266
432.70000000000005,49.94525412800359
432.8,49.945568520891996
432.90000000000003,49.94685533851486
433.0,49.943709046265866
433.1,49.94361140996511
433.20000000000005,49.94248271483222
433.3,49.944352358021625
433.40000000000003,49.952874241772825
433.5,49.954967566676686
433.6,49.944956131243316
433.70000000000005,49.93911309375481
433.8,49.92962483043998
433.90000000000003,49.924917329936385
434.0,49.92833100755394
434.1,49.930780776125545
434.20000000000005,49.92723018021202
434.3,49.92887991242983
434.40000000000003,49.92439287616143
434.5,49.915954446080455
434.6,49.90764394785692
434.70000000000005,49.90265086702886
434.8,49.91133195677508
434.90000000000003,49.90343404941661
435.0,49.911047908681695
435.1,49.91912870681432
435.20000000000005,49.9181270349671
435.3,49.917925541003804
435.40000000000003,49.914346678131984
435.5,49.91430732976032
435.6,49.91835621845464
435.70000000000005,49.91849617890907
435.8,49.92454991683234
435.90000000000003,49.93170664015358
436.0,49.93377821305374
436.1,49.93574071913345
436.20000000000005,49.93536526039052
436.3,49.9374326943496
436.40000000000003,49.930742946849165
436.5,49.9331864123426
436.6,49.93441812463948
436.70000000000005,49.92925096755841
436.8,49.94215800924673
436.90000000000003,49.93629452892623
437.0,49.931076648327526
437.1,49.93275392781207
437.20000000000005,49.92115494906042
437.3,49.91647417994882
437.40000000000003,49.90742593540603
437.5,49.90176418337265
437.6,49.90112247779046
437.70000000000005,49.903190319512014
437.8,49.90994431978512
437.90000000000003,49.91488102219233
438.0,49.9220589646263
438.1,49.925630198151744
438.20000000000005,49.92285417388489
438.3,49.929575546531424
438.40000000000003,49.926659428261324
438.5,49.92300247891392
438.6,49.93220137625585
438.70000000000005,49.93691423246939
438.8,49.93819636501854
438.90000000000003,49.94266345443995
439.0,49.947866060647655
439.1,49.93961337930088
439.20000000000005,49.93900302199171
439.3,49.931892525817474
439.40000000000003,49.93261432194442
439.5,49.928579280803575
439.6,49.936726139896585
439.70000000000005,49.93979819873502
439.8,49.93488180756894
439.90000000000003,49.93474393524308
440.0,49.92745660785162
440.1,49.927709065700355
440.20000000000005,49.930995939178125
440.3,49.93256409300037
440.40000000000003,49.92097936020791
440.5,49.91900880279097
440.6,49.92210688184908
440.70000000000005,49.923973112921836
440.8,49.930944425526356
440.90000000000003,49.923224950718236
441.0,49.92638912319216
441.1,49.92249475939188
441.20000000000005,49.92369142275311
441.3,49.926143867031925
441.40000000000003,49.93027012964353
441.5,49.92679727261172
441.6,49.927909554628776
441.70000000000005,49.920901529388296
441.8,49.91247435160716
441.90000000000003,49.91587833980767
442.0,49.91560862624247
442.1,49.90595749842036
442.20000000000005,49.900964359718884
442.3,49.90120757709545
442.40000000000003,49.910661865290265
442.5,49.91700804191022
442.6,49.92184263504025
442.70000000000005,49.91115817123646
442.8,49.910650753540445
442.90000000000003,49.91359034045838
443.0,49.91601535862249
443.1,49.918560998740816
443.20000000000005,49.91720009187798
443.3,49.9277874114509
443.40000000000003,49.93663329922377
443.5,49.93601773616201
443.6,49.930091183638375
443.70000000000005,49.94238826234939
443.8,49.93899159587413
443.90000000000003,49.94610429140013
444.0,49.957455099207905
444.1,49.951638747625005
444.20000000000005,49.953252646788755
444.3,49.95103076936931
444.40000000000003,49.953993307977804
444.5,49.955774470247086
444.6,49.967295108472555
444.70000000000005,49.97062794726755
444.8,49.97035172747371
444.90000000000003,49.976882832550686
445.0,49.97499636321923
445.1,49.97255925029495
445.20000000000005,49.985753864807734
445.3,49.980529202915434
445.40000000000003,49.97732262573279
445.5,49.97732879234021
445.6,49.97073072930213
445.70000000000005,49.95785307063089
445.8,49.9640254415558
445.90000000000003,49.95912629179073
446.0,49.95571255839275
446.1,49.953328540674335
446.20000000000005,49.947301741288506
446.3,49.940749770203375
446.40000000000003,49.94163888749936
446.5,49.95594442854746
446.6,49.96021097577006
446.70000000000005,49.964519028793156
446.8,49.9552922037709
446.90000000000003,49.954998878935804
447.0,49.94775213452587
447.1,49.95227410742429
447.20000000000005,49.950772341646676
447.3,49.950875362476644
447.40000000000003,49.95021764874116
447.5,49.946593092911456
447.6,49.93735963575179
447.70000000000005,49.94077814363605
447.8,49.93240403651969
447.90000000000003,49.925285547455836
448.0,49.92350088720661
448.1,49.91927439135372
448.20000000000005,49.920875742538286
448.3,49.92696157568107
448.40000000000003,49.92844743723407
448.5,49.92961531626534
448.6,49.929734657978734
448.70000000000005,49.93486171603933
448.8,49.92373997020073
448.90000000000003,49.92595166723587
449.0,49.9203525333876
449.1,49.91298090185288
449.20000000000005,49.91307261865542
449.3,49.91081112994865
449.40000000000003,49.91438438846942
449.5,49.92104469216777
449.6,49.90711327758969
449.70000000000005,49.90677146979973
449.8,49.91861551469543
449.90000000000003,49.923855772488075
450.0,49.93254270604888
450.1,49.9331186661053
450.20000000000005,49.9244693034729
450.3,49.91772527888943
450.40000000000003,49.92203502314596
450.5,49.92780627196476
450.6,49.92340638370596
450.70000000000005,49.92180792162111
450.8,49.92339654337653
450.90000000000003,49.91290710050648
451.0,49.91087109335015
451.1,49.92065459088162
451.20000000000005,49.93379373835689
451.3,49.93310423485614
451.40000000000003,49.944057087064145
451.5,49.94081578590158
451.6,49.93587939786367
451.70000000000005,49.92240002836735
451.8,49.92815928407692
451.90000000000003,49.925903856726755
452.0,49.9399431626057
452.1,49.941863500323
452.20000000000005,49.9429166200255
452.3,49.9319968419837
452.40000000000003,49.940970229084414
452.5,49.93872158552966
452.6,49.9376954731639
452.70000000000005,49.92440272601999
452.8,49.92997370392765
452.90000000000003,49.9358921367064
453.0,49.93221399703121
453.1,49.93274811808597
453.20000000000005,49.935078211764385
453.3,49.940820032862945
453.40000000000003,49.94138335912422
453.5,49.951654082004964
453.6,49.950083138214715
453.70000000000005,49.94633727187491
453.8,49.94344839540397
453.90000000000003,49.928149018977464
454.0,49.92331177769472
454.1,49.92938280583982
454.20000000000005,49.93097196334686
454.3,49.92605296022289
454.40000000000003,49.92817100322408
454.5,49.91606942488279
454.6,49.91443226203774
454.70000000000005,49.91766289935111
454.8,49.921916492904536
454.90000000000003,49.917313826831865
455.0,49.92285989007713
455.1,49.93411981725
455.20000000000005,49.93154528558212
455.3,49.93599122451687
455.40000000000003,49.92662441525691
455.5,49.91487795841093
455.6,49.91863983908794
455.70000000000005,49.91896695856069
455.8,49.92023439118575
455.90000000000003,49.916799072013205
456.0,49.915117895810305
456.1,49.92007457625042
456.20000000000005,49.93045206198884
456.3,49.92916895030968
456.40000000000003,49.91928742559928
456.5,49.92700963798152
456.6,49.93066285841004
456.70000000000005,49.93477484002501
456.8,49.93586736623939
456.90000000000003,49.94980520631982
457.0,49.95018458789082
457.1,49.95319530409762
457.20000000000005,49.94198165362532
457.3,49.938471946057
457.40000000000003,49.93433303073718
457.5,49.934158393373316
457.6,49.93625386327516
457.70000000000005,49.93175038222167
457.8,49.94215884897379
457.90000000000003,49.93572973409273
458.0,49.93302361967815
458.1,49.93446586397517
458.20000000000005,49.92696097787644
458.3,49.93042859448922
458.40000000000003,49.93425242341645
458.5,49.93250247068928
458.6,49.943977559724864
458.70000000000005,49.94442557361697
458.8,49.946068108668186
458.90000000000003,49.94025020926432
459.0,49.930173726845474
459.1,49.926411387205704
459.20000000000005,49.924526211461234
459.3,49.92184668055746
459.40000000000003,49.92653002744797
459.5,49.91224742867187
459.6,49.90555568293024
459.70000000000005,49.89474084920845
459.8,49.902999923889
459.90000000000003,49.899770252509434
460.0,49.89685833192508
460.1,49.89043747527331
460.20000000000005,49.89606404175054
460.3,49.893790419399416
460.40000000000003,49.8953335783563
460.5,49.88332124538259
460.6,49.89061753773261
460.70000000000005,49.893216263617504
460.8,49.89674596903425
460.90000000000003,49.9043694921534
461.0,49.90337093032906
461.1,49.90253451663526
461.20000000000005,49.90701861678356
461.3,49.90973198747521
461.40000000000003,49.9083987586911
461.5,49.908808331096324
461.6,49.905922517269445
461.70000000000005,49.91037587039239
461.8,49.91612285414347
461.90000000000003,49.91626325461823
462.0,49.92766107543741
462.1,49.91847123832625
462.20000000000005,49.917168682931404
462.3,49.92755900342701
462.40000000000003,49.92508093806092
462.5,49.915531528250526
462.6,49.92403608185252
462.70000000000005,49.92739048316973
462.8,49.9202697778934
462.90000000000003,49.925023236078125
463.0,49.91894540551055
463.1,49.91098888630914
463.20000000000005,49.910216593405195
463.3,49.907472184888384
463.40000000000003,49.90103186116838
463.5,49.89902676457666
463.6,49.893189903559865
463.70000000000005,49.893783837274235
463.8,49.893875811067836
463.90000000000003,49.89858724690327
464.0,49.89605968034801
464.1,49.888270478430826
464.20000000000005,49.88059433920285
464.3,49.879413565308916
464.40000000000003,49.8889569161134
464.5,49.894317612801444
464.6,49.89069076483999
464.70000000000005,49.89660572566362
464.8,49.88984824938795
464.90000000000003,49.89619674454578
465.0,49.894114935994864
465.1,49.89897112304969
465.20000000000005,49.90292450640644
465.3,49.90144539019863
465.40000000000003,49.90361329311456
465.5,49.897379887866784
465.6,49.89715309750911
465.70000000000005,49.90388843074707
465.8,49.928724697234706
465.90000000000003,49.93301623266468
466.0,49.9335861817437
466.1,49.927531933890414
466.20000000000005,49.93397354314622
466.3,49.92404430280574
466.40000000000003,49.91930157074851
466.5,49.921567464763534
466.6,49.9144143431666
466.70000000000005,49.923818434693246
466.8,49.93048448886399
466.90000000000003,49.927121116540505
467.0,49.92385255768772
467.1,49.91600575301323
467.20000000000005,49.9077060205353
467.3,49.91054028167659
467.40000000000003,49.91444974397387
467.5,49.91670166428979
467.6,49.91842720547903
467.70000000000005,49.91517248494949
467.8,49.917474832793154
467.90000000000003,49.90873730288206
468.0,49.908952928167984
468.1,49.91799037757783
468.20000000000005,49.92607412387499
468.3,49.923364572216265
468.40000000000003,49.921446304642984
468.5,49.92984473316644
468.6,49.940668344732124
468.70000000000005,49.93166596488689
468.8,49.929150615976006
468.90000000000003,49.93062613442412
469.0,49.938021657206214
469.1,49.932997078723055
469.20000000000005,49.93691208474027
469.3,49.93513098374398
469.40000000000003,49.94947473642389
469.5,49.95203021399475
469.6,49.95117224251233
469.70000000000005,49.94911230253866
469.8,49.95543962423296
469.90000000000003,49.959467830127316
470.0,49.95286290464134
470.1,49.95412121682517
470.20000000000005,49.94600111223151
470.3,49.94143329819075
470.40000000000003,49.93364338406401
470.5,49.92570454041681
470.6,49.921655151195665
470.70000000000005,49.91585931476204
470.8,49.919177026383075
470.90000000000003,49.92409830183194
471.0,49.92275574315294
471.1,49.91611698478023
471.20000000000005,49.921099200068745
471.3,49.90901709886282
471.40000000000003,49.89755419613372
471.5,49.90216699883511
471.6,49.906327395810344
471.70000000000005,49.912385270043416
471.8,49.911241783784746
471.90000000000003,49.90380436214454
472.0,49.90093510410893
472.1,49.904564954026
472.20000000000005,49.90014224594666
472.3,49.896129544295775
472.40000000000003,49.88796449601686
472.5,49.881231438109495
472.6,49.88662438873551
472.70000000000005,49.889648600377406
472.8,49.88292079447436
472.90000000000003,49.876716343181776
473.0,49.873664637868366
473.1,49.87731784305451
473.20000000000005,49.87060976969478
473.3,49.86995997300987
473.40000000000003,49.85740508716516
473.5,49.85026220405193
473.6,49.85326564656329
473.70000000000005,49.85912931026854
473.8,49.85258566747654
473.90000000000003,49.84838170392442
474.0,49.85366763865126
474.1,49.85176844422419
474.20000000000005,49.84896795416956
474.3,49.8525710479801
474.40000000000003,49.85421038592012
474.5,49.861360588916355
474.6,49.86656107590651
474.70000000000005,49.86348138443884
474.8,49.86317119616361
474.90000000000003,49.863218067516385
475.0,49.85545616019632
475.1,49.85003929601357
475.20000000000005,49.856370094056025
475.3,49.8472527907514
475.40000000000003,49.85373648580863
475.5,49.855915215183934
475.6,49.85552769955224
475.70000000000005,49.85922190504479
475.8,49.86252501668228
475.90000000000003,49.8702251266457
476.0,49.86819410994514
476.1,49.86720944377888
476.20000000000005,49.86612512720988
476.3,49.877864135512844
476.40000000000003,49.8839037233968
476.5,49.87865427584689
476.6,49.87698927008402
476.70000000000005,49.87309224905609
476.8,49.87354725956679
476.90000000000003,49.87520758603388
477.0,49.889378952264764
477.1,49.87868392168831
477.20000000000005,49.88522546869163
477.3,49.88817185534625
477.40000000000003,49.88424978511547
477.5,49.883674692762064
477.6,49.8810206098407
477.70000000000005,49.88166707357106
477.8,49.88807053093914
477.90000000000003,49.87924359191811
478.0,49.887505888213106
478.1,49.88557514608757
478.20000000000005,49.894947943909244
478.3,49.89771164347578
478.40000000000003,49.9054061582079
478.5,49.90904756967584
478.6,49.91579855526496
478.70000000000005,49.9163250362444
478.8,49.91150791821588
478.90000000000003,49.91576564936832
479.0,49.920235693192815
479.1,49.93303605071559
479.20000000000005,49.92108926632736
479.3,49.92007251588395
479.40000000000003,49.926637030933755
479.5,49.91924375108022
479.6,49.918059410543215
479.70000000000005,49.93098917133284
479.8,49.93963963588355
479.90000000000003,49.93443680085708
480.0,49.943131191564866
480.1,49.95032707605008
480.20000000000005,49.95504203723329
480.3,49.957352302587864
480.40000000000003,49.958793932233995
480.5,49.95356724001201
480.6,49.95049276985795
480.70000000000005,49.95494735107043
480.8,49.95582175220673
480.90000000000003,49.96696560406953
481.0,49.96493041572524
481.1,49.95048251402347
481.20000000000005,49.948529921902995
481.3,49.95026542723924
481.40000000000003,49.95262483504788
481.5,49.95308189145041
481.6,49.948187592502926
481.70000000000005,49.957246196460574
481.8,49.95328634626446
481.90000000000003,49.957611568516874
482.0,49.955918248397474
482.1,49.94876617373327
482.20000000000005,49.957339597536716
482.3,49.942301659610564
482.40000000000003,49.93730233507396
482.5,49.94004472375549
482.6,49.938034452307974
482.70000000000005,49.94268647671661
482.8,49.94221026584724
482.90000000000003,49.93961743179224
483.0,49.952739410121616
483.1,49.951498592943324
483.20000000000005,49.950638264018714
483.3,49.94423055042587
483.40000000000003,49.93986888057083
483.5,49.94392045810593
483.6,49.94744005306239
483.70000000000005,49.947570146118515
483.8,49.943486767983444
483.90000000000003,49.94775037204129
484.0,49.93764830987596
484.1,49.935775419063546
484.20000000000005,49.93445028780667
484.3,49.92957092723845
484.40000000000003,49.93071504389752
484.5,49.92693107156756
484.6,49.92235536993422
484.70000000000005,49.93344610143229
484.8,49.93811646727346
484.90000000000003,49.94551846696294
485.0,49.94599588346053
485.1,49.95195586036767
485.20000000000005,49.95678776192901
485.3,49.964193442038585
485.40000000000003,49.978497825096014
485.5,49.97716090090705
485.6,49.97874940602712
485.70000000000005,49.978469611385115
485.8,49.95740689450926
485.90000000000003,49.94916796943811
486.0,49.94946764560038
486.1,49.95345799140192
486.20000000000005,49.95017447639194
486.3,49.95717978797914
486.40000000000003,49.9650438222286
486.5,49.96268802239097
486.6,49.97137174922456
486.70000000000005,49.98198092814573
486.8,49.98481516534617
486.90000000000003,49.978962784028944
487.0,49.98784277048015
487.1,49.986887717783546
487.20000000000005,49.98465731644003
487.3,49.98540507887408
487.40000000000003,49.98222712346956
487.5,49.98872886905543
487.6,49.99342988310699
487.70000000000005,50.00076055895944
487.8,50.00422925443727
487.90000000000003,49.99943047629776
488.0,49.99846590585312
488.1,50.00371624895288
488.20000000000005,50.00124642877609
488.3,50.018750461111054
488.40000000000003,50.017193337974895
488.5,50.01357949357931
488.6,50.02039548690352
488.70000000000005,50.02477042612437
488.8,50.02446952572368
488.90000000000003,50.02295623474734
489.0,50.025391009852434
489.1,50.03026780531409
489.20000000000005,50.03468331932583
489.3,50.03269051331141
489.40000000000003,50.035109140563584
489.5,50.03998792197165
489.6,50.04436843536962
489.70000000000005,50.025619222055006
489.8,50.020140207917166
489.90000000000003,50.015374992638876
490.0,50.013906859707916
490.1,50.01490255363191
490.20000000000005,50.02034737224852
490.3,50.02394248746639
490.40000000000003,50.023051814973925
490.5,50.0230661809832
490.6,50.033496356411675
490.70000000000005,50.02964309341888
490.8,50.03131263041662
490.90000000000003,50.04053989466632
491.0,50.04240358824638
491.1,50.02992133861748
491.20000000000005,50.03201217604628
491.3,50.0295188772564
491.40000000000003,50.028683584367606
491.5,50.03483717180374
491.6,50.03747113023007
491.70000000000005,50.03569047955115
491.8,50.04085505333512
491.90000000000003,50.043253431552934
492.0,50.04365900945122
492.1,50.04523777631372
492.20000000000005,50.046521305052195
492.3,50.044242597513964
492.40000000000003,50.04125784323601
492.5,50.041193596122575
492.6,50.03525325136823
492.70000000000005,50.027514786907254
492.8,50.035173797152076
492.90000000000003,50.03355090562441
493.0,50.03323028571517
493.1,50.03224503279517
493.20000000000005,50.032215419233275
493.3,50.032181799881826
493.40000000000003,50.03240284707232
493.5,50.02740237957126
493.6,50.03284874267359
493.70000000000005,50.02852318101691
493.8,50.03458126134213
493.90000000000003,50.02288674812865
494.0,50.0163944583234
494.1,50.02225653751566
494.20000000000005,50.021247677933836
494.3,50.01710665127121
494.40000000000003,50.01926351183111
494.5,50.01288540697458
494.6,50.01327359277332
494.70000000000005,49.999907701982316
494.8,49.997185407240536
494.90000000000003,49.99329183347666
495.0,49.996554509022644
495.1,50.00181781659792
495.20000000000005,49.99667290815878
495.3,50.0063344918361
495.40000000000003,50.00274211462127
495.5,49.990384370739946
495.6,49.97614572092179
495.70000000000005,49.985490294922236
495.8,49.98502917544695
495.90000000000003,49.98121162452713
496.0,49.97680975670806
496.1,49.97036400268451
496.20000000000005,49.97861719293481
496.3,49.97821243028724
496.40000000000003,49.98905425260053
496.5,49.98790661472649
496.6,49.97385699005031
496.70000000000005,49.97904598603027
496.8,49.97693327428398
496.90000000000003,49.975617846812604
497.0,49.98513511657966
497.1,49.983620845866504
497.20000000000005,49.99066644741908
497.3,49.9906749251968
497.40000000000003,49.98620143684409
497.5,49.989306105826074
497.6,49.98574728184869
497.70000000000005,49.99318013000165
497.8,49.99896537690707
497.90000000000003,49.9993387955405
498.0,50.00299333948574
498.1,50.006357855325675
498.20000000000005,50.00466424552221
498.3,50.010003699207886
498.40000000000003,50.00858184097524
498.5,50.01222808905864
498.6,50.006456812369535
498.70000000000005,50.00702864842611
498.8,50.00948202324248
498.90000000000003,50.00469586863325
499.0,50.002178418170466
499.1,49.99897326275303
499.20000000000005,50.00335431320422
499.3,49.99902857276701
499.40000000000003,50.00167587909506
499.5,50.01083220667521
499.6,50.012936927572795
499.70000000000005,50.00322297038674
499.8,50.00398502833363
499.90000000000003,50.010236811526944
500.0,50.008497373470405
500.1,50.01514141444793
500.20000000000005,50.0188071551146
500.3,50.02127457242582
500.40000000000003,50.01963704913882
500.5,50.0165034048189
500.6,50.014924957161774
500.70000000000005,50.01527128535337
500.8,50.018378613195225
500.90000000000003,50.02085739585738
501.0,50.01899735356541
501.1,50.01934679858631
501.20000000000005,50.021631072644844
501.3,50.01183090252028
501.40000000000003,50.00722185835425
501.5,50.00245347292952
501.6,50.00128131691765
501.70000000000005,49.99968732009322
501.8,49.998209420807605
501.90000000000003,49.99305187441848
502.0,49.99719504339748
502.1,49.99895001414445
502.20000000000005,49.98917456041183
502.3,49.989386181595286
502.40000000000003,49.98276054207178
502.5,49.99314129522863
502.6,49.990524058398755
502.70000000000005,49.98829228391982
502.8,49.98893911433817
502.90000000000003,49.98788064687656
503.0,49.98767868093829
503.1,49.997113219247034
503.20000000000005,49.99857398940496
503.3,50.00368217353177
503.40000000000003,50.01051945362471
503.5,50.00471226751345
503.6,50.014918206398484
503.70000000000005,50.01906819090377
503.8,50.02481190378266
503.90000000000003,50.01960468071375
504.0,50.02450868513549
504.1,50.02696545579113
504.20000000000005,50.023707440553906
504.3,50.03738643364638
504.40000000000003,50.040701448110674
504.5,50.0391635846046
504.6,50.040234505932396
504.70000000000005,50.045598359231285
504.8,50.052256305561045
504.90000000000003,50.05559021978473
505.0,50.06272176133561
505.1,50.07133590773425
505.20000000000005,50.0636782949283
505.3,50.0605542351318
505.40000000000003,50.05472329131751
505.5,50.055142957095626
505.6,50.06363710415007
505.70000000000005,50.06734885350717
505.8,50.06084957437316
505.90000000000003,50.058895562224244
506.0,50.06488480268234
506.1,50.06148428629613
506.20000000000005,50.060709528156025
506.3,50.06234558232523
506.40000000000003,50.05121777550646
506.5,50.05575216125011
506.6,50.057640233600864
506.70000000000005,50.060876141917184
506.8,50.05481277110977
506.90000000000003,50.05004372627153
507.0,50.04632549840503
507.1,50.047710262397565
507.20000000000005,50.04800680924975
507.3,50.048646699290686
507.40000000000003,50.059266804067896
507.5,50.06691640878602
507.6,50.06238075745028
507.70000000000005,50.05826091095663
507.8,50.06837705384127
507.90000000000003,50.06624643416625
508.0,50.074301340693204
508.1,50.08363468305577
508.20000000000005,50.080075544452306
508.3,50.07817138781486
508.40000000000003,50.07839066969389
508.5,50.072929311281385
508.6,50.066810658905446
508.70000000000005,50.064182634957376
508.8,50.06909110459148
508.90000000000003,50.06617149959174
509.0,50.064715927506995
509.1,50.06171413553212
509.20000000000005,50.05332978284284
509.3,50.062082642521055
509.40000000000003,50.04783208343315
509.5,50.043781759817925
509.6,50.04702849164928
509.70000000000005,50.03853159124048
509.8,50.04208071454529
509.90000000000003,50.0494975962922
510.0,50.044204939399606
510.1,50.04534832349195
510.20000000000005,50.03857101273939
510.3,50.041531826761634
510.40000000000003,50.04196559377377
510.5,50.04315981372757
510.6,50.05125157799428
510.70000000000005,50.053932692757165
510.8,50.06184896416374
510.90000000000003,50.065454641982335
511.0,50.058039484701155
511.1,50.059427583363096
511.20000000000005,50.06217721285873
511.3,50.05330241557513
511.40000000000003,50.061146708223454
511.5,50.06135882577936
511.6,50.06337014589884
511.70000000000005,50.057783833485836
511.8,50.058039920034844
511.90000000000003,50.059658324697374
512.0,50.05751193895023
512.1,50.057817596177
512.2,50.04492019531857
512.3000000000001,50.05297642072471
512.4,50.04613493890552
512.5,50.03291902305092
512.6,50.02709993787373
512.7,50.02206258209354
512.8000000000001,50.02532146687267
512.9,50.01981859366146
513.0,50.021531101360175
513.1,50.015771878356766
513.2,50.029040229759715
513.3000000000001,50.032271399057514
513.4,50.04395126615599
513.5,50.03774751445778
513.6,50.041643559580244
513.7,50.035799844613216
513.8000000000001,50.03919251031229
513.9,50.04316446150724
514.0,50.03348035879316
514.1,50.02659083375134
514.2,50.019555564668764
514.3000000000001,50.01052996461443
514.4,50.0061836443488
514.5,50.000482133305546
514.6,49.991897567443935
514.7,49.99261188025377
514.8000000000001,49.99600762163712
514.9,49.98822287332992
515.0,49.98502130621209
515.1,49.98522352711301
515.2,49.983984465705056
515.3000000000001,49.979936629848865
515.4,49.9849730367277
515.5,49.99020269251743
515.6,49.994401096633986
515.7,49.99324867564982
515.8000000000001,50.00526918325675
515.9,50.01575300848385
516.0,50.013328374324175
516.1,50.012605157795164
516.2,50.01973572869806
516.3000000000001,50.01490246578062
516.4,50.01728028471964
516.5,50.01753074607889
516.6,50.01328224556802
516.7,50.01188402156589
516.8000000000001,50.002451231977155
516.9,49.999236113736416
517.0,49.98732206848537
517.1,50.001119071742764
517.2,50.010199675232016
517.3000000000001,50.01757098154019
517.4,50.01934405785897
517.5,50.02528592102593
517.6,50.032838164134866
517.7,50.03881334015799
517.8000000000001,50.04417123147203
517.9,50.03851723781704
518.0,50.04093441228703
518.1,50.03755846837862
518.2,50.03032149020977
518.3000000000001,50.023353799576306
518.4,50.02583410506973
518.5,50.03205177396015
518.6,50.023711624275826
518.7,50.03409137276652
518.8000000000001,50.04275989455517
518.9,50.040284606948504
519.0,50.03732493569984
519.1,50.03671855651514
519.2,50.04243957608326
519.3000000000001,50.03994422873567
519.4,50.0331197738435
519.5,50.03502660632092
519.6,50.022469251798206
519.7,50.02320863515596
519.8000000000001,50.030051736051675
519.9,50.03173802583415
520.0,50.03626279023387
520.1,50.03904387928302
520.2,50.043214847540895
520.3000000000001,50.04386736303112
520.4,50.038667650103555
520.5,50.037122653749485
520.6,50.03649188136601
520.7,50.04385701102028
520.8000000000001,50.05338901356277
520.9,50.05564017963944
521.0,50.05083990735932
521.1,50.04620207338733
521.2,50.04484050635788
521.3000000000001,50.05294356543268
521.4,50.054680775816514
521.5,50.05406986838488
521.6,50.04920394823038
521.7,50.054246715875145
521.8000000000001,50.055706233804166
521.9,50.05511756746778
522.0,50.055457062620135
522.1,50.065293423028926
522.2,50.06399924879418
522.3000000000001,50.073804573294886
522.4,50.08088383737383
522.5,50.080788051723374
522.6,50.08568194945957
522.7,50.0845054697974
522.8000000000001,50.079107296716124
522.9,50.07709897080622
523.0,50.07126469125947
523.1,50.07397170001082
523.2,50.0736848584052
523.3000000000001,50.07671807262884
523.4,50.081289259637956
523.5,50.06215601999725
523.6,50.063708915562536
523.7,50.05257500060876
523.8000000000001,50.05330661469395
523.9,50.04777045700224
524.0,50.04815175091484
524.1,50.05609843698906
524.2,50.045565889883925
524.3000000000001,50.04647674800302
524.4,50.04576856485352
524.5,50.03418117746484
524.6,50.03789293085811
524.7,50.037903576850844
524.8000000000001,50.03465641830163
524.9,50.03014725198473
525.0,50.04926663735462
525.1,50.04665190961946
525.2,50.03561153621538
525.3000000000001,50.02984292111177
525.4,50.02748886642095
525.5,50.025039888226985
525.6,50.02443642892551
525.7,50.01802721785369
525.8000000000001,50.021181201273315
525.9,50.01816752718021
526.0,50.009907231117076
526.1,50.00495907897432
526.2,50.0026211935226
526.3000000000001,50.00769474877402
526.4,50.01055834758453
526.5,50.00847239259641
526.6,50.008543155953554
526.7,50.00978628762761
526.8000000000001,50.021964668572735
526.9,50.01814407080476
527.0,50.020850741517506
527.1,50.02509968092302
527.2,50.01925085012258
527.3000000000001,50.02028493368347
527.4,50.02115911755943
527.5,50.01822952283462
527.6,50.02153889738152
527.7,50.027597193718094
527.8000000000001,50.03423562034986
527.9,50.0329086086846
528.0,50.03387838861936
528.1,50.04780802828563
528.2,50.04094223555404
528.3000000000001,50.04206382658651
528.4,50.04718844430081
528.5,50.04784832871802
528.6,50.05154002060591
528.7,50.05231354435086
528.8000000000001,50.056569040584456
528.9,50.0639767076883
529.0,50.06232351008929
529.1,50.0631920825209
529.2,50.06253994154297
529.3000000000001,50.05980063968208
529.4,50.059379011157084
529.5,50.05228742153339
529.6,50.056488285088655
529.7,50.066415740107885
529.8000000000001,50.076305935970545
529.9,50.0835747451521
530.0,50.077367343287314
530.1,50.086094361211856
530.2,50.081366663828724
530.3000000000001,50.080636719304344
530.4,50.091305814799
530.5,50.08441309143975
530.6,50.089034103749704
530.7,50.09027182946122
530.8000000000001,50.08890319881101
530.9,50.08319773039858
531.0,50.085312064913644
531.1,50.08209806084402
531.2,50.0879544227253
531.3000000000001,50.094855712579076
531.4,50.08610092367185
531.5,50.08263418143301
531.6,50.08030188393465
531.7,50.07280545917785
531.8000000000001,50.06572937269834
531.9,50.06592811219955
532.0,50.06434551727841
532.1,50.054108081428005
532.2,50.050604183143186
532.3000000000001,50.053459993306134
532.4,50.04595060475506
532.5,50.0401746598279
532.6,50.04949525686594
532.7,50.0571465105624
532.8000000000001,50.04713002364905
532.9,50.038783987071554
533.0,50.040849038383904
533.1,50.033491257751585
533.2,50.03180256112415
533.3000000000001,50.02893132469447
533.4,50.032143089305634
533.5,50.016805478821304
533.6,50.00350192239989
533.7,49.996122768079374
533.8000000000001,50.00222093742087
533.9,50.001279364594694
534.0,49.991019176889786
534.1,49.99401755515595
534.2,49.99828909264462
534.3000000000001,49.99681802427352
534.4,49.99484618368714
534.5,49.997493342537155
534.6,50.00475825521017
534.7,50.00564466112996
534.8000000000001,50.008810607445305
534.9,50.00847277284411
535.0,50.00613830039025
535.1,50.00060764973923
535.2,50.00213805417112
535.3000000000001,50.00032181384165
535.4,49.99885402506358
535.5,50.004433698385704
535.6,50.007335184898395
535.7,50.01251475708911
535.8000000000001,50.002993948405305
535.9,50.006324936854824
536.0,50.00274978411453
536.1,49.997882255271406
536.2,49.99277563335959
536.3000000000001,50.00007582972236
536.4,50.00503833945585
536.5,50.00070746142637
536.6,49.99387420433092
536.7,49.9939829384676
536.8000000000001,49.99125132665498
536.9,50.00124818334609
537.0,49.99247000550692
537.1,49.98152428578326
537.2,49.98007789481836
537.3000000000001,49.980237699658446
537.4,49.981127994507354
537.5,49.98573867478345
537.6,49.99824578584402
537.7,49.99619629831922
537.8000000000001,49.99294490623779
537.9,49.98242056596364
538.0,49.98396471544047
538.1,49.98916116830253
538.2,49.987648570059
538.3000000000001,49.99478985683057
538.4,49.99499349326846
538.5,50.00410349778775
538.6,50.00607764200822
538.7,49.99970015690217
538.8000000000001,49.99587660731287
538.9,49.98669062803382
539.0,49.97633068583425
539.1,49.978046416393035
539.2,49.98336967351628
539.3000000000001,49.99517430433079
539.4,49.994863304937184
539.5,49.99346375522217
539.6,49.98683814330838
539.7,49.992823763209536
539.8000000000001,49.995190646740575
539.9,49.99163985821716
540.0,49.99580879983584
540.1,49.99919381155625
540.2,49.987974100748566
540.3000000000001,49.99248636938757
540.4,49.99333657679365
540.5,49.99101702494632
540.6,49.98855545423855
540.7,49.99909909333848
540.8000000000001,50.008315383388634
540.9,50.01922547390375
541.0,50.01223337162245
541.1,50.00824126523612
541.2,50.01362900370882
541.3000000000001,50.0063060958339
541.4,50.001949397279404
541.5,49.99111016286805
541.6,50.002269225166756
541.7,50.00863005918668
541.8000000000001,50.01133406300789
541.9,50.01258880312476
542.0,50.010019159196325
542.1,50.00757789285922
542.2,50.0112302218456
542.3000000000001,50.00689950918513
542.4,50.01422549680253
542.5,50.011195015441324
542.6,50.00589426056864
542.7,50.01364899514892
542.8000000000001,50.01271301821571
542.9,50.015974849756034
543.0,50.01340150333931
543.1,49.99983003916472
543.2,50.00311027118218
543.3000000000001,49.99501079165327
543.4,50.001525295447564
543.5,49.99220894612948
543.6,49.981054887296374
543.7,49.982991644164386
543.8000000000001,49.985624512662156
543.9,49.98633272034006
544.0,49.979115798907145
544.1,49.98454763468497
544.2,49.975832994836466
544.3000000000001,49.97316448806065
544.4,49.968566140866066
544.5,49.96645350369537
544.6,49.97173417234992
544.7,49.96806730106646
544.8000000000001,49.97160957437415
544.9,49.975912676905985
545.0,49.965763154662795
545.1,49.95893114006169
545.2,49.956832662172374
545.3000000000001,49.95349206738253
545.4,49.95556693993339
545.5,49.9441954493702
545.6,49.94879433514756
545.7,49.953514127197984
545.8000000000001,49.952733447305135
545.9,49.94466776257271
546.0,49.94497426537654
546.1,49.942020796803575
546.2,49.94570688324331
546.3000000000001,49.945462184350305
546.4,49.95010059978035
546.5,49.94774653461163
546.6,49.95665986589127
546.7,49.943044385046676
546.8000000000001,49.93722849972681
546.9,49.940483626721154
547.0,49.9317121140075
547.1,49.936465549859285
547.2,49.92947931723006
547.3000000000001,49.93038752671346
547.4,49.925243477171705
547.5,49.92296645906626
547.6,49.92439580646708
547.7,49.92414186406832
547.8000000000001,49.92222968423869
547.9,49.93553368691443
548.0,49.9359032495921
548.1,49.930400438918184
548.2,49.936310515188566
548.3000000000001,49.9415494108026
548.4,49.94917569269436
548.5,49.96014985422246
548.6,49.9547095830967
548.7,49.96128966758148
548.8000000000001,49.96831732309519
548.9,49.968474435446986
549.0,49.97009956391598
549.1,49.952228897009995
549.2,49.94902058615897
549.3000000000001,49.959999799116694
549.4,49.94947527291699
549.5,49.94651028412426
549.6,49.94850190222641
549.7,49.952209332315434
549.8000000000001,49.96223410479195
549.9,49.95184256380812
550.0,49.952336525734204
550.1,49.95772945725985
550.2,49.950055505884364
550.3000000000001,49.950063686466336
550.4,49.961618743586044
550.5,49.969706293377634
550.6,49.97309136236853
550.7,49.957538038150005
550.8000000000001,49.956964963415516
550.9,49.959495289488714
551.0,49.957843597673374
551.1,49.95765838354439
551.2,49.97636727803306
551.3000000000001,49.97519528043129
551.4,49.96949817893155
551.5,49.97110455285907
551.6,49.969351656321784
551.7,49.96764308128417
551.8000000000001,49.967278952687145
551.9,49.97208348848041
552.0,49.973644793382114
552.1,49.966564604919526
552.2,49.96593225265052
552.3000000000001,49.968945985217374
552.4,49.96629161337591
552.5,49.973350534345165
552.6,49.97814327234981
552.7,49.97230467286291
552.8000000000001,49.97435864598681
552.9,49.986386239742366
553.0,49.995812148764195
553.1,49.995492205007864
553.2,50.00089716870944
553.3000000000001,49.99684626336381
553.4,49.988170333476354
553.5,49.99155216968708
553.6,49.99307040835433
553.7,49.9961867424664
553.8000000000001,49.996054400349536
553.9,49.99802675193647
554.0,49.99495592783097
554.1,49.997817502028504
554.2,50.00282370631224
554.3000000000001,50.00245594159262
554.4,50.00732535534655
554.5,49.99665989735896
554.6,49.99195608583263
554.7,50.000660222746816
554.8000000000001,50.011223799869114
554.9,50.01266810495862
555.0,50.011981485471935
555.1,50.00431064299522
555.2,50.006467406333115
555.3000000000001,50.01110256650783
555.4,50.00215319039612
555.5,50.00549269130974
555.6,50.00840610930543
555.7,50.011006154658205
555.8000000000001,50.00418285537478
555.9,50.00740989884961
556.0,49.998382105691185
556.1,50.00731867753618
556.2,50.0080900975415
556.3000000000001,50.00106465409591
556.4,50.00912737095805
556.5,50.016002724828844
556.6,50.01201705564713
556.7,50.025178533628974
556.8000000000001,50.01902472890832
556.9,50.02080707046271
557.0,50.02779461447851
557.1,50.01402856813299
557.2,50.019964166849384
557.3000000000001,50.01947300583157
557.4,50.0192784159526
557.5,50.01271783158312
557.6,50.01464037108837
557.7,50.00790545224107
557.8000000000001,50.00205215682263
557.9,49.99935247168786
558.0,49.99198872511774
558.1,50.00146217873492
558.2,49.99347957131508
558.3000000000001,49.98898056961262
558.4,49.9871345172591
558.5,49.987217297256585
558.6,49.992032232792205
558.7,49.99697892857533
558.8000000000001,49.99517392498796
558.9,49.992890632195866
559.0,49.99313341915761
559.1,49.99809700923459
559.2,50.00228848746016
559.3000000000001,49.99917591312651
559.4,49.98682189241434
559.5,49.99974317839808
559.6,50.00545015898405
559.7,50.00699988417513
559.8000000000001,50.00900463213626
559.9,50.00582714880435
560.0,49.99978876789591
560.1,49.997792049261385
560.2,49.9964654013164
560.3000000000001,49.992728698806275
560.4,49.98401926812233
560.5,49.982220848536784
560.6,49.98576622823527
560.7,49.98286516970409
560.8000000000001,49.98307981936804
560.9,49.97073717551577
561.0,49.96963489028278
561.1,49.96905212021768
561.2,49.96184748340128
561.3000000000001,49.951658200921194
561.4,49.954368041708385
561.5,49.94973546120623
561.6,49.95291415369383
561.7,49.950625520898456
561.8000000000001,49.95460882557822
561.9,49.95280019989156
562.0,49.94399368366677
562.1,49.94375211849274
562.2,49.942060978655675
562.3000000000001,49.946292114240244
562.4,49.943854327143725
562.5,49.94177385133118
562.6,49.9472214774609
562.7,49.95448046444449
562.8000000000001,49.95926196049726
562.9,49.96568962996195
563.0,49.96858366324949
563.1,49.97336011666883
563.2,49.97876009805511
563.3000000000001,49.98128611408596
563.4,49.9817545422739
563.5,49.98269596872245
563.6,49.99720887543669
563.7,49.99730217463782
563.8000000000001,49.99589209471931
563.9,49.993724360628946
564.0,49.993552959992336
564.1,49.99504774080605
564.2,49.988283015456275
564.3000000000001,49.976455493606956
564.4,49.978342024533255
564.5,49.96881130699239
564.6,49.97051687861625
564.7,49.97150533541874
564.8000000000001,49.978562573832974
564.9,49.98868827069548
565.0,49.990948195505496
565.1,49.98766712591436
565.2,49.98067739786145
565.3000000000001,49.97602075771213
565.4,49.976377869941984
565.5,49.96407719735344
565.6,49.96470564312799
565.7,49.96480713898812
565.8000000000001,49.96884713362754
565.9,49.966992569021045
566.0,49.96776727143073
566.1,49.96350902704991
566.2,49.96090468890011
566.3000000000001,49.95045815032117
566.4,49.95144509385243
566.5,49.96097771401318
566.6,49.96214604175266
566.7,49.964527733801
566.8000000000001,49.9588127251916
566.9,49.967603844662754
567.0,49.96316117071976
567.1,49.968153434269176
567.2,49.968954108726365
567.3000000000001,49.96335210582432
567.4,49.9696958725887
567.5,49.96993711196349
567.6,49.971157205439496
567.7,49.974011713334164
567.8000000000001,49.974010069141485
567.9,49.971865195255425
568.0,49.97480037070124
568.1,49.97249529334535
568.2,49.973022398012596
568.3000000000001,49.96914865692008
568.4,49.96035982396451
568.5,49.95651646832022
568.6,49.953760524027096
568.7,49.95407805920319
568.8000000000001,49.96141157412503
568.9,49.95146519695732
569.0,49.95247694343112
569.1,49.93944051279689
569.2,49.93346564403195
569.3000000000001,49.93075343430951
569.4,49.917578759245586
569.5,49.90684207270378
569.6,49.90822964860431
569.7,49.909152590500625
569.8000000000001,49.908921634525996
569.9,49.90455222372534
570.0,49.91795323156258
570.1,49.917393537595444
570.2,49.912631459849926
570.3000000000001,49.92313625273624
570.4,49.92720399218551
570.5,49.92533989580645
570.6,49.932866866169235
570.7,49.93414011097795
570.8000000000001,49.938325812237416
570.9,49.94004059286832
571.0,49.934167425362496
571.1,49.940321407599505
571.2,49.94158014493271
571.3000000000001,49.935813486507186
571.4,49.931554491122476
571.5,49.937626418434256
571.6,49.9357196608292
571.7,49.936317257554514
571.8000000000001,49.94056045970603
571.9,49.941625259414074
572.0,49.9327551223825
572.1,49.936913431286165
572.2,49.94285678040785
572.3000000000001,49.94833999300272
572.4,49.95829680877239
572.5,49.96068864773495
572.6,49.96554506604808
572.7,49.97525078743337
572.8000000000001,49.97362782511268
572.9,49.984175596906546
573.0,49.99466026323359
573.1,49.9993831706063
573.2,50.010422054819145
573.3000000000001,50.01547925823338
573.4,50.01011532619057
573.5,50.0168867722306
573.6,50.01875841913403
573.7,50.021143200050844
573.8000000000001,50.02196280169561
573.9,50.03000831184977
574.0,50.03317016417512
574.1,50.02882721892132
574.2,50.031595679295066
574.3000000000001,50.03581102628142
574.4,50.03127618592707
574.5,50.02851192692533
574.6,50.02606873931953
574.7,50.022292122613514
574.8000000000001,50.02427115245632
574.9,50.03025401087696
575.0,50.04145469818003
575.1,50.048413292046874
575.2,50.05430148788842
575.3000000000001,50.060886929952616
575.4,50.068591962567865
575.5,50.065986501138006
575.6,50.0698159599741
575.7,50.07139806289931
575.8000000000001,50.0702627642958
575.9,50.06717952010521
576.0,50.06380973554413
576.1,50.06188052950043
576.2,50.05416029178514
576.3000000000001,50.057017555963334
576.4,50.05659895387507
576.5,50.05694990434896
576.6,50.05869509845706
576.7,50.06274896132241
576.8000000000001,50.05888249292087
576.9,50.057948241550505
577.0,50.04800530198154
577.1,50.03444394642806
577.2,50.02262659060924
577.3000000000001,50.031732210585915
577.4,50.02061311273678
577.5,50.02334105837318
577.6,50.03208551201238
577.7,50.02917631085405
577.8000000000001,50.03880706705295
577.9,50.04969453640826
578.0,50.05511594773852
578.1,50.06907385536429
578.2,50.07246274296999
578.3000000000001,50.06772743880447
578.4,50.070531293453314
578.5,50.06753220901733
578.6,50.05939297017223
578.7,50.051459820540096
578.8000000000001,50.06509711865089
578.9,50.06155262613457
579.0,50.06113276715108
579.1,50.056883142124036
579.2,50.057467693962074
579.3000000000001,50.05579634180013
579.4,50.05310837457678
579.5,50.0456302202992
579.6,50.03698445606582
579.7,50.03239947599592
579.8000000000001,50.03406151414
579.9,50.04642150873386
580.0,50.05258424998622
580.1,50.06333967592701
580.2,50.06601717463427
580.3000000000001,50.06525093028085
580.4,50.057064474488485
580.5,50.05688587988435
580.6,50.043830069356815
580.7,50.04190789760283
580.8000000000001,50.05156857842528
580.9,50.05338906739555
581.0,50.06000068854078
581.1,50.057519810175215
581.2,50.04908957265467
581.3000000000001,50.046087458539
581.4,50.04359746252038
581.5,50.050736121826255
581.6,50.062460811875496
581.7,50.05783403523858
581.8000000000001,50.05552150643397
581.9,50.05450438838414
582.0,50.05227452878692
582.1,50.04468784047931
582.2,50.04516282701377
582.3000000000001,50.04725229720635
582.4,50.04947601394192
582.5,50.04213689831369
582.6,50.04139216045354
582.7,50.03089666178254
582.8000000000001,50.03637567046602
582.9,50.03023035992457
583.0,50.028588994020666
583.1,50.02591072453536
583.2,50.02244219650372
583.3000000000001,50.01613918695666
583.4,50.00561842532471
583.5,50.016155348724936
583.6,50.01777827298759
583.7,50.01945413907936
583.8000000000001,50.032124037516134
583.9,50.03153488199219
584.0,50.0348693128039
584.1,50.03499869902317
584.2,50.04212676309069
584.3000000000001,50.04510791584617
584.4,50.04695135542505
584.5,50.04536853297508
584.6,50.04700492834545
584.7,50.053938637750576
584.8000000000001,50.04139529748074
584.9,50.04060213954957
585.0,50.038081225401
585.1,50.03627906571002
585.2,50.0244327436784
585.3000000000001,50.02888999803176
585.4,50.02386462966107
585.5,50.02257620735635
585.6,50.01963339170109
585.7,50.00970870799754
585.8000000000001,50.007176803880846
585.9,49.99628383210017
586.0,49.99084128677533
586.1,49.989190543038454
586.2,49.98941182503243
586.3000000000001,49.989991993157695
586.4,49.98941189657952
586.5,50.002487041903166
586.6,50.00528317669039
586.7,49.99812310022342
586.8000000000001,49.99465577764207
586.9,49.99093476050165
587.0,49.99011259256565
587.1,49.986738701581224
587.2,49.98186982000376
587.3000000000001,49.9920523648814
587.4,49.99255360151394
587.5,49.99076576587657
587.6,49.989496340819606
587.7,49.98844620411438
587.8000000000001,49.997059660993635
587.9,50.000144050580715
588.0,50.00708247899736
588.1,49.98853916978184
588.2,49.99075581390601
588.3000000000001,49.99736061602678
588.4,50.00941864494444
588.5,50.00975334239255
588.6,49.99960951949164
588.7,50.003352031907376
588.8000000000001,49.99994817794031
588.9,49.98940524763627
589.0,49.98595435168656
589.1,49.99257039354611
589.2,50.00002918277688
589.3000000000001,50.00456962067253
589.4,49.998470681511904
589.5,50.01379385337773
589.6,50.00692329577722
589.7,50.00663852250547
589.8000000000001,49.9981533687277
589.9,50.00628482195679
590.0,50.00914974794578
590.1,50.01465535530037
590.2,50.01534795176449
590.3000000000001,50.01508776323384
590.4,50.01628645646671
590.5,50.00510423668181
590.6,50.01127418345422
590.7,50.0169307414175
590.8000000000001,50.0147259019619
590.9,50.0148133379134
591.0,50.0167752241124
591.1,50.02635211258443
591.2,50.02905365979797
591.3000000000001,50.02940732858036
591.4,50.026451814914815
591.5,50.01754673022256
591.6,50.014131507246695
591.7,50.01474157088024
591.8000000000001,50.01340913497347
591.9,50.01405222652487
592.0,50.018713131740434
592.1,50.0214929031405
592.2,50.02330020527535
592.3000000000001,50.02738638106032
592.4,50.028634407852024
592.5,50.02857457832149
592.6,50.031520305760836
592.7,50.02126813829721
592.8000000000001,50.028952061857424
592.9,50.021347610368025
593.0,50.02654025906216
593.1,50.026764491143545
593.2,50.03356075327144
593.3000000000001,50.03388836462382
593.4,50.0283395425189
593.5,50.03492646987194
593.6,50.0361498590392
593.7,50.036972537232415
593.8000000000001,50.037568605414044
593.9,50.04368455592545
594.0,50.04867057764727
594.1,50.05010864481575
594.2,50.04085491556658
594.3000000000001,50.03853024885998
594.4,50.039277769499755
594.5,50.05015916501019
594.6,50.05252531096931
594.7,50.05202252873823
594.8000000000001,50.059252153086156
594.9,50.05860301868495
595.0,50.058458944315774
595.1,50.059427573218834
595.2,50.05046279960302
595.3000000000001,50.0562762087636
595.4,50.05887140932858
595.5,50.05720457328022
595.6,50.05038949048437
595.7,50.051744551586324
595.8000000000001,50.060212261765166
595.9,50.056391197934985
596.0,50.05006772884532
596.1,50.05266725847489
596.2,50.043155076094166
596.3000000000001,50.02994382107293
596.4,50.02745930373349
596.5,50.023515401927064
596.6,50.02207115622084
596.7,50.01898886598327
596.8000000000001,50.0212255213711
596.9,50.02013220815253
597.0,50.016777455845045
597.1,50.0142878762896
597.2,50.018347088976235
597.3000000000001,50.02434953889939
597.4,50.02999688738168
597.5,50.03437480513808
597.6,50.01476074598001
597.7,50.009022238824
597.8000000000001,50.007437445491085
597.9,50.00898412725461
598.0,49.999584519885644
598.1,50.008471136913656
598.2,50.0106014779821
598.3000000000001,50.00717484684719
598.4,50.008474470860456
598.5,50.006708765159395
598.6,50.00247283957008
598.7,50.00585371178076
598.8000000000001,50.00345984364679
598.9,49.99533126190217
599.0,49.99190383793398
599.1,49.99161730490046
599.2,49.98554219013343
599.3000000000001,49.99354465255258
599.4,49.987405159644254
599.5,49.99837751271536
599.6,50.004119477244494
599.7,49.998818505235384
599.8000000000001,49.99997576040104
599.9,50.00744009076493
